"","OBJECTID","POA_CODE_2016","POA_NAME_2016","AREA_ALBERS_SQKM"
"1",1,"0800","0800",3.1734
"2",2,"0810","0810",23.7902
"3",3,"0812","0812",35.8899
"4",4,"0815","0815",0.6381
"5",5,"0820","0820",39.0462
"6",6,"0822","0822",150783
"7",7,"0828","0828",28.6532
"8",8,"0829","0829",44.8402
"9",9,"0830","0830",235.004
"10",10,"0832","0832",19.7272
"11",11,"0834","0834",32.6301
"12",12,"0835","0835",76.8403
"13",13,"0836","0836",130.93
"14",14,"0837","0837",118.116
"15",15,"0838","0838",86.3366
"16",16,"0839","0839",1.1346
"17",17,"0840","0840",291.448
"18",18,"0841","0841",142.206
"19",19,"0845","0845",115.696
"20",20,"0846","0846",146.738
"21",21,"0847","0847",402.052
"22",22,"0850","0850",551.151
"23",23,"0852","0852",441673
"24",24,"0853","0853",106.285
"25",25,"0854","0854",12.5633
"26",26,"0860","0860",42.0605
"27",27,"0862","0862",117526
"28",28,"0870","0870",59.6122
"29",29,"0872","0872",970497
"30",30,"0873","0873",172.525
"31",31,"0874","0874",72.1518
"32",32,"0875","0875",29.0124
"33",33,"0880","0880",88.9707
"34",34,"0885","0885",2.7429
"35",35,"0886","0886",13.5083
"36",36,"2000","2000",4.2873
"37",37,"2006","2006",0.678
"38",38,"2007","2007",0.5588
"39",39,"2008","2008",0.845
"40",40,"2009","2009",0.9325
"41",41,"2010","2010",2.1733
"42",42,"2011","2011",1.4009
"43",43,"2015","2015",4.2156
"44",44,"2016","2016",1.1717
"45",45,"2017","2017",1.9386
"46",46,"2018","2018",3.9305
"47",47,"2019","2019",6.7991
"48",48,"2020","2020",11.9607
"49",49,"2021","2021",5.7186
"50",50,"2022","2022",1.9227
"51",51,"2023","2023",2.3732
"52",52,"2024","2024",1.9245
"53",53,"2025","2025",1.2307
"54",54,"2026","2026",3.6555
"55",55,"2027","2027",1.3761
"56",56,"2028","2028",0.7921
"57",57,"2029","2029",2.5285
"58",58,"2030","2030",4.663
"59",59,"2031","2031",6.0941
"60",60,"2032","2032",2.475
"61",61,"2033","2033",2.2349
"62",62,"2034","2034",3.0497
"63",63,"2035","2035",8.1207
"64",64,"2036","2036",15.7133
"65",65,"2037","2037",2.1373
"66",66,"2038","2038",1.4931
"67",67,"2039","2039",1.8337
"68",68,"2040","2040",4.754
"69",69,"2041","2041",2.4666
"70",70,"2042","2042",2.0445
"71",71,"2043","2043",0.8077
"72",72,"2044","2044",3.8539
"73",73,"2045","2045",2.3828
"74",74,"2046","2046",6.0148
"75",75,"2047","2047",2.3101
"76",76,"2048","2048",1.218
"77",77,"2049","2049",1.929
"78",78,"2050","2050",0.8252
"79",79,"2052","2052",0.4341
"80",80,"2060","2060",2.6878
"81",81,"2061","2061",0.6317
"82",82,"2062","2062",1.5527
"83",83,"2063","2063",2.7281
"84",84,"2064","2064",2.5348
"85",85,"2065","2065",5.6761
"86",86,"2066","2066",9.579
"87",87,"2067","2067",5.8197
"88",88,"2068","2068",5.6655
"89",89,"2069","2069",7.5303
"90",90,"2070","2070",7.4617
"91",91,"2071","2071",7.822
"92",92,"2072","2072",3.8097
"93",93,"2073","2073",10.2304
"94",94,"2074","2074",22.0151
"95",95,"2075","2075",17.7427
"96",96,"2076","2076",15.8484
"97",97,"2077","2077",22.8665
"98",98,"2079","2079",11.0622
"99",99,"2080","2080",10.5767
"100",100,"2081","2081",40.1939
"101",101,"2082","2082",9.6876
"102",102,"2083","2083",45.774
"103",103,"2084","2084",107.373
"104",104,"2085","2085",16.2026
"105",105,"2086","2086",8.0259
"106",106,"2087","2087",8.9311
"107",107,"2088","2088",8.6503
"108",108,"2089","2089",1.5105
"109",109,"2090","2090",2.0586
"110",110,"2092","2092",3.1079
"111",111,"2093","2093",7.529
"112",112,"2094","2094",1.1683
"113",113,"2095","2095",5.5668
"114",114,"2096","2096",3.4809
"115",115,"2097","2097",4.7261
"116",116,"2099","2099",12.2704
"117",117,"2100","2100",19.8084
"118",118,"2101","2101",26.6961
"119",119,"2102","2102",4.1945
"120",120,"2103","2103",4.5559
"121",121,"2104","2104",3.7398
"122",122,"2105","2105",2.1888
"123",123,"2106","2106",3.8119
"124",124,"2107","2107",7.8757
"125",125,"2108","2108",2.9542
"126",126,"2109","2109",1.755
"127",127,"2110","2110",4.3304
"128",128,"2111","2111",4.7044
"129",129,"2112","2112",9.3136
"130",130,"2113","2113",11.461
"131",131,"2114","2114",7.3639
"132",132,"2115","2115",3.9346
"133",133,"2116","2116",3.7996
"134",134,"2117","2117",7.1247
"135",135,"2118","2118",8.507
"136",136,"2119","2119",6.7407
"137",137,"2120","2120",13.8138
"138",138,"2121","2121",9.2013
"139",139,"2122","2122",9.0577
"140",140,"2123","2123",0.0218
"141",141,"2125","2125",9.2916
"142",142,"2126","2126",8.2603
"143",143,"2127","2127",8.1291
"144",144,"2128","2128",2.7
"145",145,"2129","2129",0.4663
"146",146,"2130","2130",1.2031
"147",147,"2131","2131",3.4143
"148",148,"2132","2132",2.4354
"149",149,"2133","2133",2.5503
"150",150,"2134","2134",2.4454
"151",151,"2135","2135",6.5375
"152",152,"2136","2136",3.4638
"153",153,"2137","2137",7.355
"154",154,"2138","2138",3.3902
"155",155,"2139","2139",0.391
"156",156,"2140","2140",3.2826
"157",157,"2141","2141",11.9477
"158",158,"2142","2142",11.0016
"159",159,"2143","2143",4.3104
"160",160,"2144","2144",8.5637
"161",161,"2145","2145",26.3676
"162",162,"2146","2146",6.0077
"163",163,"2147","2147",15.9973
"164",164,"2148","2148",38.8818
"165",165,"2150","2150",5.8472
"166",166,"2151","2151",10.7334
"167",167,"2152","2152",4.2858
"168",168,"2153","2153",24.5421
"169",169,"2154","2154",18.8102
"170",170,"2155","2155",35.1795
"171",171,"2156","2156",62.9548
"172",172,"2157","2157",148.486
"173",173,"2158","2158",41.7948
"174",174,"2159","2159",127.446
"175",175,"2160","2160",8.3971
"176",176,"2161","2161",11.2311
"177",177,"2162","2162",5.7908
"178",178,"2163","2163",6.3533
"179",179,"2164","2164",20.5158
"180",180,"2165","2165",11.12
"181",181,"2166","2166",15.2543
"182",182,"2167","2167",6.9946
"183",183,"2168","2168",12.8684
"184",184,"2170","2170",54.3191
"185",185,"2171","2171",21.5329
"186",186,"2172","2172",3.6787
"187",187,"2173","2173",192.868
"188",188,"2174","2174",6.0563
"189",189,"2175","2175",21.9683
"190",190,"2176","2176",19.8467
"191",191,"2177","2177",5.1959
"192",192,"2178","2178",54.3241
"193",193,"2179","2179",36.4744
"194",194,"2190","2190",9.7386
"195",195,"2191","2191",1.7826
"196",196,"2192","2192",2.7309
"197",197,"2193","2193",4.1959
"198",198,"2194","2194",3.3734
"199",199,"2195","2195",3.5488
"200",200,"2196","2196",7.0679
"201",201,"2197","2197",2.9286
"202",202,"2198","2198",3.3233
"203",203,"2199","2199",4.618
"204",204,"2200","2200",14.1069
"205",205,"2203","2203",2.0929
"206",206,"2204","2204",5.7903
"207",207,"2205","2205",4.2229
"208",208,"2206","2206",5.9786
"209",209,"2207","2207",7.2242
"210",210,"2208","2208",4.459
"211",211,"2209","2209",4.2499
"212",212,"2210","2210",11.0967
"213",213,"2211","2211",7.4064
"214",214,"2212","2212",6.2455
"215",215,"2213","2213",10.037
"216",216,"2214","2214",5.3711
"217",217,"2216","2216",5.5782
"218",218,"2217","2217",6.2613
"219",219,"2218","2218",2.6489
"220",220,"2219","2219",3.7807
"221",221,"2220","2220",5.1734
"222",222,"2221","2221",5.3879
"223",223,"2222","2222",2.5163
"224",224,"2223","2223",7.253
"225",225,"2224","2224",4.7012
"226",226,"2225","2225",2.1022
"227",227,"2226","2226",5.2222
"228",228,"2227","2227",4.5993
"229",229,"2228","2228",5.914
"230",230,"2229","2229",10.8128
"231",231,"2230","2230",9.1909
"232",232,"2231","2231",19.1994
"233",233,"2232","2232",14.4108
"234",234,"2233","2233",179.988
"235",235,"2234","2234",39.7249
"236",236,"2250","2250",690.928
"237",237,"2251","2251",50.8904
"238",238,"2256","2256",72.799
"239",239,"2257","2257",22.411
"240",240,"2258","2258",121.257
"241",241,"2259","2259",524.735
"242",242,"2260","2260",23.2489
"243",243,"2261","2261",51.4591
"244",244,"2262","2262",33.7953
"245",245,"2263","2263",22.3942
"246",246,"2264","2264",115.194
"247",247,"2265","2265",136.002
"248",248,"2267","2267",3.6556
"249",249,"2278","2278",44.0603
"250",250,"2280","2280",27.9287
"251",251,"2281","2281",30.9079
"252",252,"2282","2282",10.5223
"253",253,"2283","2283",60.2462
"254",254,"2284","2284",24.2726
"255",255,"2285","2285",32.4611
"256",256,"2286","2286",25.2353
"257",257,"2287","2287",38.0741
"258",258,"2289","2289",11.4331
"259",259,"2290","2290",36.4023
"260",260,"2291","2291",7.193
"261",261,"2292","2292",2.8938
"262",262,"2293","2293",1.3228
"263",263,"2294","2294",2.0392
"264",264,"2295","2295",11.9478
"265",265,"2296","2296",0.7062
"266",266,"2297","2297",0.801
"267",267,"2298","2298",4.0042
"268",268,"2299","2299",5.2846
"269",269,"2300","2300",3.4401
"270",270,"2302","2302",0.8283
"271",271,"2303","2303",3.0004
"272",272,"2304","2304",39.5055
"273",273,"2305","2305",8.7987
"274",274,"2306","2306",1.777
"275",275,"2307","2307",6.5582
"276",276,"2308","2308",1.7907
"277",277,"2311","2311",783.59
"278",278,"2312","2312",181.207
"279",279,"2314","2314",8.0114
"280",280,"2315","2315",32.3446
"281",281,"2316","2316",73.9271
"282",282,"2317","2317",9.734
"283",283,"2318","2318",251.189
"284",284,"2319","2319",29.6406
"285",285,"2320","2320",403.874
"286",286,"2321","2321",359.992
"287",287,"2322","2322",166.702
"288",288,"2323","2323",209.451
"289",289,"2324","2324",627.429
"290",290,"2325","2325",1434.46
"291",291,"2326","2326",82.5445
"292",292,"2327","2327",15.0694
"293",293,"2328","2328",1682.12
"294",294,"2329","2329",3056.2
"295",295,"2330","2330",4902.21
"296",296,"2331","2331",137.298
"297",297,"2333","2333",1644.12
"298",298,"2334","2334",20.7073
"299",299,"2335","2335",268.437
"300",300,"2336","2336",888.972
"301",301,"2337","2337",3331.73
"302",302,"2338","2338",989.478
"303",303,"2339","2339",1120.85
"304",304,"2340","2340",3353
"305",305,"2341","2341",227.911
"306",306,"2342","2342",561.082
"307",307,"2343","2343",3352.89
"308",308,"2344","2344",339.167
"309",309,"2345","2345",291.783
"310",310,"2346","2346",1967.8
"311",311,"2347","2347",3035.49
"312",312,"2350","2350",4541.37
"313",313,"2351","2351",1.8617
"314",314,"2352","2352",434.271
"315",315,"2353","2353",198.9
"316",316,"2354","2354",7142.15
"317",317,"2355","2355",918.552
"318",318,"2356","2356",542.731
"319",319,"2357","2357",3668.18
"320",320,"2358","2358",1905.54
"321",321,"2359","2359",1294.11
"322",322,"2360","2360",3385.3
"323",323,"2361","2361",1962.88
"324",324,"2365","2365",3804.67
"325",325,"2369","2369",347.506
"326",326,"2370","2370",4769.42
"327",327,"2371","2371",1900.6
"328",328,"2372","2372",4894.2
"329",329,"2379","2379",1371.04
"330",330,"2380","2380",2089.19
"331",331,"2381","2381",1723.07
"332",332,"2382","2382",1826.34
"333",333,"2386","2386",1979.4
"334",334,"2387","2387",1388.52
"335",335,"2388","2388",6699.09
"336",336,"2390","2390",4217.11
"337",337,"2395","2395",823.547
"338",338,"2396","2396",1480.87
"339",339,"2397","2397",1694.91
"340",340,"2398","2398",953.552
"341",341,"2399","2399",806.375
"342",342,"2400","2400",7569.01
"343",343,"2401","2401",652.793
"344",344,"2402","2402",1631.01
"345",345,"2403","2403",1006.94
"346",346,"2404","2404",1992.45
"347",347,"2405","2405",3420.91
"348",348,"2406","2406",3283.88
"349",349,"2408","2408",1561.15
"350",350,"2409","2409",1608.97
"351",351,"2410","2410",1532.78
"352",352,"2411","2411",396.928
"353",353,"2415","2415",451.832
"354",354,"2420","2420",1023.51
"355",355,"2421","2421",244.746
"356",356,"2422","2422",3212.59
"357",357,"2423","2423",1346.8
"358",358,"2424","2424",881.689
"359",359,"2425","2425",518.01
"360",360,"2426","2426",71.3349
"361",361,"2427","2427",39.8682
"362",362,"2428","2428",320.365
"363",363,"2429","2429",1799.9
"364",364,"2430","2430",843.482
"365",365,"2431","2431",45.9673
"366",366,"2439","2439",266.175
"367",367,"2440","2440",3604.24
"368",368,"2441","2441",917.957
"369",369,"2443","2443",408.785
"370",370,"2444","2444",209.841
"371",371,"2445","2445",76.8107
"372",372,"2446","2446",2320.6
"373",373,"2447","2447",566.644
"374",374,"2448","2448",115.068
"375",375,"2449","2449",582.362
"376",376,"2450","2450",1019.72
"377",377,"2452","2452",12.7764
"378",378,"2453","2453",2158
"379",379,"2454","2454",963.977
"380",380,"2455","2455",48.0551
"381",381,"2456","2456",205.445
"382",382,"2460","2460",6590.36
"383",383,"2462","2462",470.532
"384",384,"2463","2463",549.292
"385",385,"2464","2464",102.853
"386",386,"2465","2465",23.5903
"387",387,"2466","2466",40.6793
"388",388,"2469","2469",3827.04
"389",389,"2470","2470",1256.52
"390",390,"2471","2471",442.151
"391",391,"2472","2472",466.408
"392",392,"2473","2473",31.366
"393",393,"2474","2474",1537.63
"394",394,"2475","2475",494.723
"395",395,"2476","2476",805.201
"396",396,"2477","2477",227.642
"397",397,"2478","2478",185.65
"398",398,"2479","2479",164.571
"399",399,"2480","2480",1369.46
"400",400,"2481","2481",131.029
"401",401,"2482","2482",180.268
"402",402,"2483","2483",182.731
"403",403,"2484","2484",972.318
"404",404,"2485","2485",13.7352
"405",405,"2486","2486",100.225
"406",406,"2487","2487",66.6062
"407",407,"2488","2488",13.626
"408",408,"2489","2489",14.5419
"409",409,"2490","2490",22.4375
"410",410,"2500","2500",26.5668
"411",411,"2502","2502",9.1601
"412",412,"2505","2505",13.6228
"413",413,"2506","2506",7.3207
"414",414,"2508","2508",162.241
"415",415,"2515","2515",14.2268
"416",416,"2516","2516",8.6615
"417",417,"2517","2517",9.1114
"418",418,"2518","2518",12.6178
"419",419,"2519","2519",9.2816
"420",420,"2522","2522",0.5912
"421",421,"2525","2525",8.5595
"422",422,"2526","2526",132.295
"423",423,"2527","2527",96.0698
"424",424,"2528","2528",11.163
"425",425,"2529","2529",40.4464
"426",426,"2530","2530",88.3671
"427",427,"2533","2533",106.404
"428",428,"2534","2534",76.2287
"429",429,"2535","2535",247.975
"430",430,"2536","2536",974.838
"431",431,"2537","2537",1167.02
"432",432,"2538","2538",390.357
"433",433,"2539","2539",686.166
"434",434,"2540","2540",1900.73
"435",435,"2541","2541",45.4319
"436",436,"2545","2545",876.547
"437",437,"2546","2546",911.267
"438",438,"2548","2548",120.118
"439",439,"2549","2549",222.951
"440",440,"2550","2550",3966.67
"441",441,"2551","2551",1398.14
"442",442,"2555","2555",26.981
"443",443,"2556","2556",40.2134
"444",444,"2557","2557",36.6246
"445",445,"2558","2558",7.6039
"446",446,"2559","2559",4.3495
"447",447,"2560","2560",411.314
"448",448,"2563","2563",11.5603
"449",449,"2564","2564",9.0236
"450",450,"2565","2565",29.7638
"451",451,"2566","2566",28.2936
"452",452,"2567","2567",31.3652
"453",453,"2568","2568",34.0936
"454",454,"2569","2569",26.7707
"455",455,"2570","2570",469.364
"456",456,"2571","2571",250.284
"457",457,"2572","2572",106.173
"458",458,"2573","2573",16.9782
"459",459,"2574","2574",350.23
"460",460,"2575","2575",973.428
"461",461,"2576","2576",174.244
"462",462,"2577","2577",1320.56
"463",463,"2578","2578",47.9223
"464",464,"2579","2579",860.117
"465",465,"2580","2580",5244.24
"466",466,"2581","2581",2106.61
"467",467,"2582","2582",3062.7
"468",468,"2583","2583",3382.69
"469",469,"2584","2584",281.313
"470",470,"2585","2585",260.132
"471",471,"2586","2586",2323.25
"472",472,"2587","2587",921.859
"473",473,"2588","2588",218.055
"474",474,"2590","2590",1320.46
"475",475,"2594","2594",2418.72
"476",476,"2600","2600",23.3394
"477",477,"2601","2601",15.233
"478",478,"2602","2602",21.9721
"479",479,"2603","2603",9.2066
"480",480,"2604","2604",5.4945
"481",481,"2605","2605",9.2938
"482",482,"2606","2606",9.0325
"483",483,"2607","2607",10.2741
"484",484,"2609","2609",114.786
"485",485,"2611","2611",1514.9
"486",486,"2612","2612",9.4533
"487",487,"2614","2614",11.1128
"488",488,"2615","2615",28.5784
"489",489,"2617","2617",92.0837
"490",490,"2618","2618",267.414
"491",491,"2619","2619",11.3301
"492",492,"2620","2620",2882.91
"493",493,"2621","2621",853.236
"494",494,"2622","2622",4524.54
"495",495,"2623","2623",166.908
"496",496,"2625","2625",1.0856
"497",497,"2626","2626",383.569
"498",498,"2627","2627",3003.25
"499",499,"2628","2628",2336.26
"500",500,"2629","2629",1394.2
"501",501,"2630","2630",4206.22
"502",502,"2631","2631",1199.49
"503",503,"2632","2632",1825.42
"504",504,"2633","2633",766.026
"505",505,"2640","2640",1030.22
"506",506,"2641","2641",33.5384
"507",507,"2642","2642",4076.67
"508",508,"2643","2643",156.068
"509",509,"2644","2644",2157.74
"510",510,"2645","2645",1181.69
"511",511,"2646","2646",2896.33
"512",512,"2647","2647",356.93
"513",513,"2648","2648",23897.3
"514",514,"2649","2649",247.113
"515",515,"2650","2650",4061.24
"516",516,"2651","2651",34.62
"517",517,"2652","2652",6116.11
"518",518,"2653","2653",1228.82
"519",519,"2655","2655",427.276
"520",520,"2656","2656",1497.14
"521",521,"2658","2658",748.055
"522",522,"2659","2659",367.544
"523",523,"2660","2660",451.279
"524",524,"2661","2661",14.7623
"525",525,"2663","2663",492.643
"526",526,"2665","2665",4109.63
"527",527,"2666","2666",2462.59
"528",528,"2668","2668",708.113
"529",529,"2669","2669",6295.35
"530",530,"2671","2671",3297.74
"531",531,"2672","2672",1794.24
"532",532,"2675","2675",8518.56
"533",533,"2678","2678",3.5099
"534",534,"2680","2680",1894.45
"535",535,"2681","2681",471.759
"536",536,"2700","2700",3517.67
"537",537,"2701","2701",852.116
"538",538,"2702","2702",439.869
"539",539,"2703","2703",56.8879
"540",540,"2705","2705",1129.15
"541",541,"2706","2706",725.401
"542",542,"2707","2707",2112.34
"543",543,"2710","2710",10466.2
"544",544,"2711","2711",24180.3
"545",545,"2712","2712",966.516
"546",546,"2713","2713",970.31
"547",547,"2714","2714",708.664
"548",548,"2715","2715",13750.1
"549",549,"2716","2716",2360.45
"550",550,"2717","2717",134.563
"551",551,"2720","2720",2485.65
"552",552,"2721","2721",539.503
"553",553,"2722","2722",1231.03
"554",554,"2725","2725",262.373
"555",555,"2726","2726",160.669
"556",556,"2727","2727",981.587
"557",557,"2729","2729",1069.57
"558",558,"2730","2730",420.486
"559",559,"2731","2731",1428.42
"560",560,"2732","2732",1849.85
"561",561,"2733","2733",2279.35
"562",562,"2734","2734",1755.3
"563",563,"2735","2735",271.574
"564",564,"2736","2736",213.23
"565",565,"2737","2737",3345.62
"566",566,"2738","2738",2067.03
"567",567,"2739","2739",50.1706
"568",568,"2745","2745",168.761
"569",569,"2747","2747",55.0667
"570",570,"2748","2748",43.0734
"571",571,"2749","2749",47.0935
"572",572,"2750","2750",35.3701
"573",573,"2752","2752",53.5689
"574",574,"2753","2753",166.388
"575",575,"2754","2754",34.3251
"576",576,"2755","2755",3.0543
"577",577,"2756","2756",1486.83
"578",578,"2757","2757",8.3269
"579",579,"2758","2758",572.144
"580",580,"2759","2759",15.5979
"581",581,"2760","2760",19.9308
"582",582,"2761","2761",14.7648
"583",583,"2762","2762",13.8752
"584",584,"2763","2763",10.7285
"585",585,"2765","2765",130.746
"586",586,"2766","2766",27.2385
"587",587,"2767","2767",10.1088
"588",588,"2768","2768",9.0193
"589",589,"2769","2769",4.6535
"590",590,"2770","2770",24.7303
"591",591,"2773","2773",8.3936
"592",592,"2774","2774",21.2999
"593",593,"2775","2775",833.14
"594",594,"2776","2776",14.932
"595",595,"2777","2777",54.7327
"596",596,"2778","2778",20.9602
"597",597,"2779","2779",12.4995
"598",598,"2780","2780",38.4603
"599",599,"2782","2782",21.0358
"600",600,"2783","2783",7.2887
"601",601,"2784","2784",6.1389
"602",602,"2785","2785",128.645
"603",603,"2786","2786",84.7603
"604",604,"2787","2787",4632.78
"605",605,"2790","2790",2481.32
"606",606,"2791","2791",184.965
"607",607,"2792","2792",369.693
"608",608,"2793","2793",648.005
"609",609,"2794","2794",1408.27
"610",610,"2795","2795",5307.52
"611",611,"2797","2797",147.824
"612",612,"2798","2798",268.709
"613",613,"2799","2799",630.8
"614",614,"2800","2800",1993.95
"615",615,"2803","2803",342.098
"616",616,"2804","2804",878.05
"617",617,"2805","2805",289.854
"618",618,"2806","2806",519.696
"619",619,"2807","2807",299.701
"620",620,"2808","2808",242.541
"621",621,"2809","2809",163.007
"622",622,"2810","2810",2658.97
"623",623,"2817","2817",961.485
"624",624,"2818","2818",471.766
"625",625,"2820","2820",2438.75
"626",626,"2821","2821",2339.86
"627",627,"2822","2822",593.473
"628",628,"2823","2823",2782.36
"629",629,"2824","2824",4843.6
"630",630,"2825","2825",7299
"631",631,"2826","2826",1153.79
"632",632,"2827","2827",2872.94
"633",633,"2828","2828",2375.64
"634",634,"2829","2829",6664.71
"635",635,"2830","2830",3013.63
"636",636,"2831","2831",22389.4
"637",637,"2832","2832",9695.06
"638",638,"2833","2833",5044.61
"639",639,"2834","2834",2828.29
"640",640,"2835","2835",30336.8
"641",641,"2836","2836",31517.8
"642",642,"2838","2838",3488.15
"643",643,"2839","2839",12283.5
"644",644,"2840","2840",62475.6
"645",645,"2842","2842",1317.67
"646",646,"2843","2843",1590.92
"647",647,"2844","2844",1825.43
"648",648,"2845","2845",67.0705
"649",649,"2846","2846",591.85
"650",650,"2847","2847",98.897
"651",651,"2848","2848",166.215
"652",652,"2849","2849",2801.76
"653",653,"2850","2850",6004.65
"654",654,"2852","2852",1240.99
"655",655,"2864","2864",438.246
"656",656,"2865","2865",620.174
"657",657,"2866","2866",1198.71
"658",658,"2867","2867",1042.38
"659",659,"2868","2868",777.981
"660",660,"2869","2869",2103.8
"661",661,"2870","2870",2300.49
"662",662,"2871","2871",4193.48
"663",663,"2873","2873",3202.99
"664",664,"2874","2874",1358.13
"665",665,"2875","2875",2311
"666",666,"2876","2876",733.378
"667",667,"2877","2877",14859.9
"668",668,"2878","2878",18261.1
"669",669,"2879","2879",13320
"670",670,"2880","2880",66196
"671",671,"2898","2898",16.2918
"672",672,"2899","2899",38.6509
"673",673,"2900","2900",101.104
"674",674,"2902","2902",11.3361
"675",675,"2903","2903",6.484
"676",676,"2904","2904",9.7514
"677",677,"2905","2905",19.8141
"678",678,"2906","2906",11.2186
"679",679,"2911","2911",5.0536
"680",680,"2912","2912",49.725
"681",681,"2913","2913",17.7279
"682",682,"2914","2914",16.4907
"683",683,"3000","3000",3.1881
"684",684,"3002","3002",1.8557
"685",685,"3003","3003",6.5821
"686",686,"3004","3004",3.3164
"687",687,"3005","3005",0.1183
"688",688,"3006","3006",1.8541
"689",689,"3008","3008",3.0296
"690",690,"3010","3010",0.5403
"691",691,"3011","3011",5.9663
"692",692,"3012","3012",15.2579
"693",693,"3013","3013",5.6585
"694",694,"3015","3015",8.9003
"695",695,"3016","3016",7.3729
"696",696,"3018","3018",17.6847
"697",697,"3019","3019",4.3246
"698",698,"3020","3020",25.1062
"699",699,"3021","3021",19.7531
"700",700,"3022","3022",2.1307
"701",701,"3023","3023",39.5155
"702",702,"3024","3024",151.286
"703",703,"3025","3025",13.9443
"704",704,"3026","3026",15.4613
"705",705,"3027","3027",3.8325
"706",706,"3028","3028",15.9193
"707",707,"3029","3029",102.901
"708",708,"3030","3030",252.717
"709",709,"3031","3031",5.0187
"710",710,"3032","3032",9.7479
"711",711,"3033","3033",8.8077
"712",712,"3034","3034",5.4087
"713",713,"3036","3036",18.1531
"714",714,"3037","3037",22.5466
"715",715,"3038","3038",13.3509
"716",716,"3039","3039",4.3551
"717",717,"3040","3040",8.7366
"718",718,"3041","3041",8.2316
"719",719,"3042","3042",8.8958
"720",720,"3043","3043",12.4013
"721",721,"3044","3044",8.0232
"722",722,"3045","3045",27.0408
"723",723,"3046","3046",14.2983
"724",724,"3047","3047",11.4857
"725",725,"3048","3048",7.7607
"726",726,"3049","3049",10.0721
"727",727,"3050","3050",0.0827
"728",728,"3051","3051",2.3455
"729",729,"3052","3052",3.442
"730",730,"3053","3053",1.7488
"731",731,"3054","3054",2.3042
"732",732,"3055","3055",3.2333
"733",733,"3056","3056",4.9839
"734",734,"3057","3057",2.257
"735",735,"3058","3058",11.7021
"736",736,"3059","3059",30.5629
"737",737,"3060","3060",5.2301
"738",738,"3061","3061",12.247
"739",739,"3062","3062",5.4102
"740",740,"3063","3063",45.0391
"741",741,"3064","3064",107.297
"742",742,"3065","3065",1.4196
"743",743,"3066","3066",1.3267
"744",744,"3067","3067",1.8302
"745",745,"3068","3068",4.053
"746",746,"3070","3070",6.0094
"747",747,"3071","3071",5.1328
"748",748,"3072","3072",11.4678
"749",749,"3073","3073",18.9665
"750",750,"3074","3074",14.7441
"751",751,"3075","3075",7.7247
"752",752,"3076","3076",35.2737
"753",753,"3078","3078",6.3554
"754",754,"3079","3079",7.6392
"755",755,"3081","3081",6.231
"756",756,"3082","3082",13.066
"757",757,"3083","3083",16.1944
"758",758,"3084","3084",13.0609
"759",759,"3085","3085",7.5041
"760",760,"3086","3086",2.3848
"761",761,"3087","3087",3.7507
"762",762,"3088","3088",13.1584
"763",763,"3089","3089",17.836
"764",764,"3090","3090",10.9752
"765",765,"3091","3091",15.3453
"766",766,"3093","3093",6.8224
"767",767,"3094","3094",3.8318
"768",768,"3095","3095",30.2142
"769",769,"3096","3096",8.9885
"770",770,"3097","3097",39.7809
"771",771,"3099","3099",99.9978
"772",772,"3101","3101",10.4847
"773",773,"3102","3102",4.0648
"774",774,"3103","3103",5.2738
"775",775,"3104","3104",9.0928
"776",776,"3105","3105",6.5138
"777",777,"3106","3106",16.141
"778",778,"3107","3107",5.9227
"779",779,"3108","3108",8.7804
"780",780,"3109","3109",11.108
"781",781,"3111","3111",11.691
"782",782,"3113","3113",26.1086
"783",783,"3114","3114",9.4751
"784",784,"3115","3115",23.2172
"785",785,"3116","3116",22.2024
"786",786,"3121","3121",6.2125
"787",787,"3122","3122",5.8773
"788",788,"3123","3123",3.4843
"789",789,"3124","3124",7.5978
"790",790,"3125","3125",6.0826
"791",791,"3126","3126",3.1303
"792",792,"3127","3127",6.1341
"793",793,"3128","3128",7.012
"794",794,"3129","3129",6.1311
"795",795,"3130","3130",12.2043
"796",796,"3131","3131",9.1487
"797",797,"3132","3132",6.6271
"798",798,"3133","3133",10.7938
"799",799,"3134","3134",22.8758
"800",800,"3135","3135",9.155
"801",801,"3136","3136",23.0364
"802",802,"3137","3137",12.6832
"803",803,"3138","3138",12.5016
"804",804,"3139","3139",238.191
"805",805,"3140","3140",29.1738
"806",806,"3141","3141",3.5476
"807",807,"3142","3142",4.2727
"808",808,"3143","3143",2.1647
"809",809,"3144","3144",3.4211
"810",810,"3145","3145",8.981
"811",811,"3146","3146",8.3088
"812",812,"3147","3147",5.3819
"813",813,"3148","3148",2.9966
"814",814,"3149","3149",15.1846
"815",815,"3150","3150",27.2797
"816",816,"3151","3151",4.263
"817",817,"3152","3152",22.2598
"818",818,"3153","3153",14.4819
"819",819,"3154","3154",6.3676
"820",820,"3155","3155",11.3404
"821",821,"3156","3156",53.5101
"822",822,"3158","3158",6.2172
"823",823,"3159","3159",14.0266
"824",824,"3160","3160",20.9449
"825",825,"3161","3161",4.2015
"826",826,"3162","3162",4.7426
"827",827,"3163","3163",7.2128
"828",828,"3165","3165",9.0366
"829",829,"3166","3166",8.4652
"830",830,"3167","3167",6.6515
"831",831,"3168","3168",8.217
"832",832,"3169","3169",11.4472
"833",833,"3170","3170",10.7189
"834",834,"3171","3171",11.0861
"835",835,"3172","3172",12.7476
"836",836,"3173","3173",21.714
"837",837,"3174","3174",12.3026
"838",838,"3175","3175",73.8316
"839",839,"3177","3177",5.1934
"840",840,"3178","3178",21.7653
"841",841,"3179","3179",8.6902
"842",842,"3180","3180",5.6689
"843",843,"3181","3181",2.9335
"844",844,"3182","3182",3.7072
"845",845,"3183","3183",3.0288
"846",846,"3184","3184",2.5953
"847",847,"3185","3185",3.1474
"848",848,"3186","3186",8.3702
"849",849,"3187","3187",5.6196
"850",850,"3188","3188",5.5403
"851",851,"3189","3189",4.5832
"852",852,"3190","3190",3.658
"853",853,"3191","3191",3.9185
"854",854,"3192","3192",10.5758
"855",855,"3193","3193",8.3434
"856",856,"3194","3194",7.5255
"857",857,"3195","3195",24.4768
"858",858,"3196","3196",10.6833
"859",859,"3197","3197",5.8242
"860",860,"3198","3198",12.3974
"861",861,"3199","3199",34.3393
"862",862,"3200","3200",5.1183
"863",863,"3201","3201",20.3079
"864",864,"3202","3202",7.1165
"865",865,"3204","3204",8.3411
"866",866,"3205","3205",2.1899
"867",867,"3206","3206",3.6867
"868",868,"3207","3207",9.5704
"869",869,"3211","3211",181.197
"870",870,"3212","3212",189.57
"871",871,"3213","3213",251.027
"872",872,"3214","3214",27.2177
"873",873,"3215","3215",16.8231
"874",874,"3216","3216",49.7061
"875",875,"3217","3217",134.837
"876",876,"3218","3218",90.8862
"877",877,"3219","3219",15.7874
"878",878,"3220","3220",11.5417
"879",879,"3221","3221",111.225
"880",880,"3222","3222",145.207
"881",881,"3223","3223",71.8556
"882",882,"3224","3224",62.5186
"883",883,"3225","3225",31.7233
"884",884,"3226","3226",18.4215
"885",885,"3227","3227",74.2734
"886",886,"3228","3228",102.753
"887",887,"3230","3230",96.7604
"888",888,"3231","3231",58.6744
"889",889,"3232","3232",102.652
"890",890,"3233","3233",186.982
"891",891,"3234","3234",150.573
"892",892,"3235","3235",190.381
"893",893,"3236","3236",47.6929
"894",894,"3237","3237",378.137
"895",895,"3238","3238",234.611
"896",896,"3239","3239",383.68
"897",897,"3240","3240",218.09
"898",898,"3241","3241",620.128
"899",899,"3242","3242",132.347
"900",900,"3243","3243",257.627
"901",901,"3249","3249",1244.18
"902",902,"3250","3250",82.9772
"903",903,"3251","3251",292.1
"904",904,"3254","3254",17.6413
"905",905,"3260","3260",1107.73
"906",906,"3264","3264",119.382
"907",907,"3265","3265",895.864
"908",908,"3266","3266",568.111
"909",909,"3267","3267",93.4998
"910",910,"3268","3268",585.145
"911",911,"3269","3269",201.135
"912",912,"3270","3270",40.1269
"913",913,"3271","3271",436.651
"914",914,"3272","3272",673.721
"915",915,"3273","3273",223.537
"916",916,"3274","3274",276.607
"917",917,"3275","3275",16.1264
"918",918,"3276","3276",334.939
"919",919,"3277","3277",211.921
"920",920,"3278","3278",61.077
"921",921,"3279","3279",125.976
"922",922,"3280","3280",77.5083
"923",923,"3281","3281",160.21
"924",924,"3282","3282",62.7127
"925",925,"3283","3283",382.976
"926",926,"3284","3284",221.475
"927",927,"3285","3285",411.2
"928",928,"3286","3286",389.202
"929",929,"3287","3287",330.531
"930",930,"3289","3289",567.177
"931",931,"3292","3292",225.219
"932",932,"3293","3293",482.504
"933",933,"3294","3294",931.448
"934",934,"3300","3300",322.628
"935",935,"3301","3301",979.296
"936",936,"3302","3302",424.718
"937",937,"3303","3303",483.443
"938",938,"3304","3304",1981.25
"939",939,"3305","3305",801.805
"940",940,"3309","3309",113.668
"941",941,"3310","3310",123.204
"942",942,"3311","3311",371.101
"943",943,"3312","3312",2976.42
"944",944,"3314","3314",1399.14
"945",945,"3315","3315",1324.82
"946",946,"3317","3317",383.59
"947",947,"3318","3318",1303.46
"948",948,"3319","3319",578.815
"949",949,"3321","3321",327.717
"950",950,"3322","3322",114.677
"951",951,"3323","3323",225.997
"952",952,"3324","3324",390.4
"953",953,"3325","3325",494.539
"954",954,"3328","3328",60.7585
"955",955,"3329","3329",296.217
"956",956,"3330","3330",186.744
"957",957,"3331","3331",264.058
"958",958,"3332","3332",88.3235
"959",959,"3333","3333",241.751
"960",960,"3334","3334",257.576
"961",961,"3335","3335",100.736
"962",962,"3337","3337",154.907
"963",963,"3338","3338",113.056
"964",964,"3340","3340",600.325
"965",965,"3341","3341",156.431
"966",966,"3342","3342",446.808
"967",967,"3345","3345",46.1058
"968",968,"3350","3350",86.7804
"969",969,"3351","3351",1518.55
"970",970,"3352","3352",1922.95
"971",971,"3355","3355",30.3596
"972",972,"3356","3356",16.1649
"973",973,"3357","3357",25.4355
"974",974,"3360","3360",287.311
"975",975,"3361","3361",463.532
"976",976,"3363","3363",161.801
"977",977,"3364","3364",584.972
"978",978,"3370","3370",272.527
"979",979,"3371","3371",311.63
"980",980,"3373","3373",888.397
"981",981,"3374","3374",154.919
"982",982,"3375","3375",367.282
"983",983,"3377","3377",1324.64
"984",984,"3378","3378",308.338
"985",985,"3379","3379",1386.94
"986",986,"3380","3380",93.1404
"987",987,"3381","3381",783.813
"988",988,"3384","3384",625.389
"989",989,"3385","3385",836.426
"990",990,"3387","3387",882.926
"991",991,"3388","3388",494.636
"992",992,"3390","3390",440.035
"993",993,"3391","3391",343.867
"994",994,"3392","3392",609.756
"995",995,"3393","3393",1395.05
"996",996,"3395","3395",833.649
"997",997,"3396","3396",914.866
"998",998,"3400","3400",23.8292
"999",999,"3401","3401",4610.05
"1000",1000,"3407","3407",581.288
"1001",1001,"3409","3409",1588.78
"1002",1002,"3412","3412",323.248
"1003",1003,"3413","3413",977.119
"1004",1004,"3414","3414",693.958
"1005",1005,"3415","3415",47.4742
"1006",1006,"3418","3418",2954.29
"1007",1007,"3419","3419",1027.27
"1008",1008,"3420","3420",1674.22
"1009",1009,"3423","3423",716.221
"1010",1010,"3424","3424",1363.52
"1011",1011,"3427","3427",67.7506
"1012",1012,"3428","3428",33.6846
"1013",1013,"3429","3429",173.628
"1014",1014,"3430","3430",86.8846
"1015",1015,"3431","3431",72.5941
"1016",1016,"3432","3432",27.6545
"1017",1017,"3433","3433",25.7516
"1018",1018,"3434","3434",167.115
"1019",1019,"3435","3435",263.353
"1020",1020,"3437","3437",184.832
"1021",1021,"3438","3438",26.2249
"1022",1022,"3440","3440",38.9733
"1023",1023,"3441","3441",34.0169
"1024",1024,"3442","3442",275.737
"1025",1025,"3444","3444",936.846
"1026",1026,"3446","3446",87.0862
"1027",1027,"3447","3447",47.9579
"1028",1028,"3448","3448",220.36
"1029",1029,"3450","3450",22.8791
"1030",1030,"3451","3451",311.837
"1031",1031,"3453","3453",171.696
"1032",1032,"3458","3458",351.954
"1033",1033,"3460","3460",45.0525
"1034",1034,"3461","3461",550.681
"1035",1035,"3462","3462",139.616
"1036",1036,"3463","3463",530.654
"1037",1037,"3464","3464",116.272
"1038",1038,"3465","3465",880.518
"1039",1039,"3467","3467",102.809
"1040",1040,"3468","3468",222.446
"1041",1041,"3469","3469",228.742
"1042",1042,"3472","3472",461.451
"1043",1043,"3475","3475",508.918
"1044",1044,"3477","3477",2037.78
"1045",1045,"3478","3478",488.862
"1046",1046,"3480","3480",1438.57
"1047",1047,"3482","3482",517.72
"1048",1048,"3483","3483",1177.48
"1049",1049,"3485","3485",627.435
"1050",1050,"3487","3487",317.596
"1051",1051,"3488","3488",307.592
"1052",1052,"3489","3489",453.169
"1053",1053,"3490","3490",15438
"1054",1054,"3491","3491",1143.69
"1055",1055,"3494","3494",930.825
"1056",1056,"3496","3496",3381.26
"1057",1057,"3498","3498",64.5178
"1058",1058,"3500","3500",78.0414
"1059",1059,"3501","3501",1022.71
"1060",1060,"3505","3505",537.713
"1061",1061,"3506","3506",433.411
"1062",1062,"3507","3507",462.731
"1063",1063,"3509","3509",619.975
"1064",1064,"3512","3512",1290.43
"1065",1065,"3515","3515",226.458
"1066",1066,"3516","3516",340.639
"1067",1067,"3517","3517",999.128
"1068",1068,"3518","3518",1130.45
"1069",1069,"3520","3520",100.051
"1070",1070,"3521","3521",115.807
"1071",1071,"3522","3522",193.623
"1072",1072,"3523","3523",680.525
"1073",1073,"3525","3525",1065.83
"1074",1074,"3527","3527",1187.31
"1075",1075,"3529","3529",291.686
"1076",1076,"3530","3530",485.381
"1077",1077,"3531","3531",331.769
"1078",1078,"3533","3533",1361.4
"1079",1079,"3537","3537",781.545
"1080",1080,"3540","3540",521.499
"1081",1081,"3542","3542",394.01
"1082",1082,"3544","3544",1004.34
"1083",1083,"3546","3546",1235.97
"1084",1084,"3549","3549",980.514
"1085",1085,"3550","3550",52.627
"1086",1086,"3551","3551",1765.94
"1087",1087,"3555","3555",40.9147
"1088",1088,"3556","3556",255.025
"1089",1089,"3557","3557",268.641
"1090",1090,"3558","3558",345.844
"1091",1091,"3559","3559",567.155
"1092",1092,"3561","3561",645.19
"1093",1093,"3562","3562",140.965
"1094",1094,"3563","3563",119.704
"1095",1095,"3564","3564",640.432
"1096",1096,"3565","3565",57.3943
"1097",1097,"3566","3566",131.534
"1098",1098,"3567","3567",159.523
"1099",1099,"3568","3568",514.361
"1100",1100,"3570","3570",570.282
"1101",1101,"3571","3571",348.615
"1102",1102,"3572","3572",274.072
"1103",1103,"3573","3573",630.231
"1104",1104,"3575","3575",782.525
"1105",1105,"3576","3576",146.094
"1106",1106,"3579","3579",1943.54
"1107",1107,"3580","3580",59.0802
"1108",1108,"3581","3581",144.602
"1109",1109,"3583","3583",28.7574
"1110",1110,"3584","3584",100.787
"1111",1111,"3585","3585",1073.55
"1112",1112,"3586","3586",210.878
"1113",1113,"3588","3588",32.8501
"1114",1114,"3589","3589",30.1912
"1115",1115,"3590","3590",32.6285
"1116",1116,"3591","3591",18.912
"1117",1117,"3594","3594",29.0314
"1118",1118,"3595","3595",36.5777
"1119",1119,"3596","3596",141.15
"1120",1120,"3597","3597",1148.89
"1121",1121,"3599","3599",163.788
"1122",1122,"3607","3607",80.6847
"1123",1123,"3608","3608",532.867
"1124",1124,"3610","3610",264.407
"1125",1125,"3612","3612",469.472
"1126",1126,"3614","3614",84.8059
"1127",1127,"3616","3616",280.65
"1128",1128,"3617","3617",33.3432
"1129",1129,"3618","3618",55.8419
"1130",1130,"3620","3620",360.154
"1131",1131,"3621","3621",186.795
"1132",1132,"3622","3622",163.451
"1133",1133,"3623","3623",130.43
"1134",1134,"3624","3624",84.0851
"1135",1135,"3629","3629",302.072
"1136",1136,"3630","3630",141.929
"1137",1137,"3631","3631",646.927
"1138",1138,"3633","3633",54.1272
"1139",1139,"3634","3634",309.082
"1140",1140,"3635","3635",181.443
"1141",1141,"3636","3636",393.682
"1142",1142,"3637","3637",231.221
"1143",1143,"3638","3638",445.64
"1144",1144,"3639","3639",500.409
"1145",1145,"3640","3640",163.882
"1146",1146,"3641","3641",253.08
"1147",1147,"3644","3644",474.883
"1148",1148,"3646","3646",340.978
"1149",1149,"3647","3647",16.4971
"1150",1150,"3649","3649",162.091
"1151",1151,"3658","3658",613.09
"1152",1152,"3659","3659",177.942
"1153",1153,"3660","3660",629.294
"1154",1154,"3662","3662",412.657
"1155",1155,"3663","3663",68.6945
"1156",1156,"3664","3664",228.942
"1157",1157,"3665","3665",185.239
"1158",1158,"3666","3666",1367.63
"1159",1159,"3669","3669",835.625
"1160",1160,"3670","3670",253.165
"1161",1161,"3672","3672",315.304
"1162",1162,"3673","3673",897.191
"1163",1163,"3675","3675",478.208
"1164",1164,"3677","3677",48.7988
"1165",1165,"3678","3678",2455.19
"1166",1166,"3682","3682",340.505
"1167",1167,"3683","3683",267.408
"1168",1168,"3685","3685",350.881
"1169",1169,"3687","3687",36.6905
"1170",1170,"3688","3688",191.878
"1171",1171,"3690","3690",81.1799
"1172",1172,"3691","3691",1837.41
"1173",1173,"3694","3694",1.8476
"1174",1174,"3695","3695",181.881
"1175",1175,"3697","3697",140.615
"1176",1176,"3698","3698",48.8349
"1177",1177,"3699","3699",502.975
"1178",1178,"3700","3700",279.745
"1179",1179,"3701","3701",3023.12
"1180",1180,"3704","3704",168.361
"1181",1181,"3705","3705",238.419
"1182",1182,"3707","3707",2318.08
"1183",1183,"3708","3708",75.517
"1184",1184,"3709","3709",542.076
"1185",1185,"3711","3711",61.3675
"1186",1186,"3712","3712",328.129
"1187",1187,"3713","3713",675.929
"1188",1188,"3714","3714",618.004
"1189",1189,"3715","3715",235.273
"1190",1190,"3717","3717",1005.8
"1191",1191,"3718","3718",88.3678
"1192",1192,"3719","3719",236.461
"1193",1193,"3720","3720",192.63
"1194",1194,"3722","3722",421.521
"1195",1195,"3723","3723",3102.25
"1196",1196,"3725","3725",309.469
"1197",1197,"3726","3726",245.464
"1198",1198,"3727","3727",246.649
"1199",1199,"3728","3728",376.268
"1200",1200,"3730","3730",485.959
"1201",1201,"3732","3732",254.308
"1202",1202,"3733","3733",57.6719
"1203",1203,"3735","3735",208.165
"1204",1204,"3737","3737",1737.56
"1205",1205,"3738","3738",27.746
"1206",1206,"3739","3739",53.4715
"1207",1207,"3740","3740",679.677
"1208",1208,"3741","3741",752.342
"1209",1209,"3744","3744",43.9889
"1210",1210,"3746","3746",56.3173
"1211",1211,"3747","3747",423.81
"1212",1212,"3749","3749",186.764
"1213",1213,"3750","3750",53.8918
"1214",1214,"3751","3751",52.1594
"1215",1215,"3752","3752",21.4539
"1216",1216,"3753","3753",111.719
"1217",1217,"3754","3754",56.0588
"1218",1218,"3755","3755",28.3934
"1219",1219,"3756","3756",200.884
"1220",1220,"3757","3757",285.5
"1221",1221,"3758","3758",44.7055
"1222",1222,"3759","3759",21.0901
"1223",1223,"3760","3760",14.7523
"1224",1224,"3761","3761",39.79
"1225",1225,"3762","3762",40.5926
"1226",1226,"3763","3763",115.145
"1227",1227,"3764","3764",439.086
"1228",1228,"3765","3765",11.0304
"1229",1229,"3766","3766",8.4659
"1230",1230,"3767","3767",7.9362
"1231",1231,"3770","3770",135.012
"1232",1232,"3775","3775",173.762
"1233",1233,"3777","3777",373.385
"1234",1234,"3778","3778",220.426
"1235",1235,"3779","3779",580.419
"1236",1236,"3781","3781",42.3677
"1237",1237,"3782","3782",88.6992
"1238",1238,"3783","3783",202.335
"1239",1239,"3785","3785",5.512
"1240",1240,"3786","3786",4.5146
"1241",1241,"3787","3787",3.4167
"1242",1242,"3788","3788",17.7524
"1243",1243,"3789","3789",6.6593
"1244",1244,"3791","3791",12.0532
"1245",1245,"3792","3792",3.9761
"1246",1246,"3793","3793",19.8847
"1247",1247,"3795","3795",30.1744
"1248",1248,"3796","3796",16.9894
"1249",1249,"3797","3797",142.625
"1250",1250,"3799","3799",706.216
"1251",1251,"3800","3800",1.1942
"1252",1252,"3802","3802",15.2864
"1253",1253,"3803","3803",8.455
"1254",1254,"3804","3804",31.6453
"1255",1255,"3805","3805",27.4332
"1256",1256,"3806","3806",45.7186
"1257",1257,"3807","3807",14.6971
"1258",1258,"3808","3808",35.2809
"1259",1259,"3809","3809",48.4987
"1260",1260,"3810","3810",147.588
"1261",1261,"3812","3812",97.3761
"1262",1262,"3813","3813",69.6945
"1263",1263,"3814","3814",77.7275
"1264",1264,"3815","3815",103.919
"1265",1265,"3816","3816",151.417
"1266",1266,"3818","3818",279.626
"1267",1267,"3820","3820",74.2902
"1268",1268,"3821","3821",298.533
"1269",1269,"3822","3822",62.764
"1270",1270,"3823","3823",122.461
"1271",1271,"3824","3824",213.493
"1272",1272,"3825","3825",1871.94
"1273",1273,"3831","3831",176.202
"1274",1274,"3832","3832",52.414
"1275",1275,"3833","3833",931.557
"1276",1276,"3835","3835",65.7047
"1277",1277,"3840","3840",341.19
"1278",1278,"3842","3842",21.4534
"1279",1279,"3844","3844",577.038
"1280",1280,"3847","3847",485.76
"1281",1281,"3850","3850",48.6122
"1282",1282,"3851","3851",1883.44
"1283",1283,"3852","3852",8.6506
"1284",1284,"3854","3854",172.363
"1285",1285,"3856","3856",148.758
"1286",1286,"3857","3857",63.4492
"1287",1287,"3858","3858",2578.89
"1288",1288,"3859","3859",193.182
"1289",1289,"3860","3860",1396.84
"1290",1290,"3862","3862",3055.35
"1291",1291,"3864","3864",187.178
"1292",1292,"3865","3865",12.9135
"1293",1293,"3869","3869",97.2314
"1294",1294,"3870","3870",273.531
"1295",1295,"3871","3871",291.253
"1296",1296,"3873","3873",92.7613
"1297",1297,"3874","3874",269.263
"1298",1298,"3875","3875",2405.05
"1299",1299,"3878","3878",18.0798
"1300",1300,"3880","3880",167.698
"1301",1301,"3882","3882",68.2582
"1302",1302,"3885","3885",3662.38
"1303",1303,"3886","3886",55.2811
"1304",1304,"3887","3887",318.828
"1305",1305,"3888","3888",3374.1
"1306",1306,"3889","3889",1714.11
"1307",1307,"3890","3890",1716.65
"1308",1308,"3891","3891",1330.64
"1309",1309,"3892","3892",243.911
"1310",1310,"3893","3893",375.358
"1311",1311,"3895","3895",286.758
"1312",1312,"3896","3896",1097.71
"1313",1313,"3898","3898",1392.35
"1314",1314,"3900","3900",1211.47
"1315",1315,"3902","3902",26.4884
"1316",1316,"3903","3903",41.6349
"1317",1317,"3904","3904",27.6078
"1318",1318,"3909","3909",327.21
"1319",1319,"3910","3910",28.8446
"1320",1320,"3911","3911",18.6901
"1321",1321,"3912","3912",72.3275
"1322",1322,"3913","3913",23.6157
"1323",1323,"3915","3915",64.8347
"1324",1324,"3916","3916",35.1777
"1325",1325,"3918","3918",17.216
"1326",1326,"3919","3919",6.5625
"1327",1327,"3920","3920",15.4031
"1328",1328,"3921","3921",170.229
"1329",1329,"3922","3922",75.0881
"1330",1330,"3923","3923",10.2968
"1331",1331,"3925","3925",30.7786
"1332",1332,"3926","3926",54.1204
"1333",1333,"3927","3927",14.911
"1334",1334,"3928","3928",28.7388
"1335",1335,"3929","3929",55.132
"1336",1336,"3930","3930",23.2077
"1337",1337,"3931","3931",21.0928
"1338",1338,"3933","3933",42.8797
"1339",1339,"3934","3934",30.2094
"1340",1340,"3936","3936",45.0575
"1341",1341,"3937","3937",38.6917
"1342",1342,"3938","3938",4.2898
"1343",1343,"3939","3939",97.6869
"1344",1344,"3940","3940",5.4644
"1345",1345,"3941","3941",24.3905
"1346",1346,"3942","3942",6.2857
"1347",1347,"3943","3943",7.2449
"1348",1348,"3944","3944",11.0964
"1349",1349,"3945","3945",153.62
"1350",1350,"3946","3946",30.6097
"1351",1351,"3950","3950",120.976
"1352",1352,"3951","3951",182.648
"1353",1353,"3953","3953",504.83
"1354",1354,"3954","3954",36.807
"1355",1355,"3956","3956",498.463
"1356",1356,"3957","3957",65.313
"1357",1357,"3958","3958",108.979
"1358",1358,"3959","3959",211.618
"1359",1359,"3960","3960",831.516
"1360",1360,"3962","3962",150.239
"1361",1361,"3964","3964",2.8934
"1362",1362,"3965","3965",8.8662
"1363",1363,"3966","3966",124.126
"1364",1364,"3967","3967",87.9589
"1365",1365,"3971","3971",835.935
"1366",1366,"3975","3975",13.3829
"1367",1367,"3976","3976",13.3423
"1368",1368,"3977","3977",142.827
"1369",1369,"3978","3978",95.862
"1370",1370,"3979","3979",69.8591
"1371",1371,"3980","3980",37.0278
"1372",1372,"3981","3981",198.471
"1373",1373,"3984","3984",235.049
"1374",1374,"3987","3987",79.5517
"1375",1375,"3988","3988",126.684
"1376",1376,"3990","3990",25.7656
"1377",1377,"3991","3991",49.1914
"1378",1378,"3992","3992",99.0542
"1379",1379,"3995","3995",198.903
"1380",1380,"3996","3996",151.814
"1381",1381,"4000","4000",3.6673
"1382",1382,"4005","4005",2.704
"1383",1383,"4006","4006",5.2016
"1384",1384,"4007","4007",5.2852
"1385",1385,"4008","4008",46.0443
"1386",1386,"4009","4009",5.6147
"1387",1387,"4010","4010",1.3224
"1388",1388,"4011","4011",5.2687
"1389",1389,"4012","4012",7.8454
"1390",1390,"4013","4013",2.9887
"1391",1391,"4014","4014",16.9127
"1392",1392,"4017","4017",21.7655
"1393",1393,"4018","4018",6.2815
"1394",1394,"4019","4019",10.6634
"1395",1395,"4020","4020",11.922
"1396",1396,"4021","4021",5.349
"1397",1397,"4022","4022",10.34
"1398",1398,"4025","4025",175.315
"1399",1399,"4029","4029",0.1971
"1400",1400,"4030","4030",5.8378
"1401",1401,"4031","4031",4.7721
"1402",1402,"4032","4032",7.508
"1403",1403,"4034","4034",29.5422
"1404",1404,"4035","4035",19.0663
"1405",1405,"4036","4036",12.8364
"1406",1406,"4037","4037",9.1057
"1407",1407,"4051","4051",16.941
"1408",1408,"4053","4053",22.512
"1409",1409,"4054","4054",8.7809
"1410",1410,"4055","4055",37.9889
"1411",1411,"4059","4059",3.3042
"1412",1412,"4060","4060",5.8255
"1413",1413,"4061","4061",12.4344
"1414",1414,"4064","4064",3.5905
"1415",1415,"4065","4065",5.0054
"1416",1416,"4066","4066",20.0067
"1417",1417,"4067","4067",2.7534
"1418",1418,"4068","4068",10.4375
"1419",1419,"4069","4069",103.244
"1420",1420,"4070","4070",31.2733
"1421",1421,"4072","4072",1.2208
"1422",1422,"4073","4073",4.9721
"1423",1423,"4074","4074",13.6903
"1424",1424,"4075","4075",14.0797
"1425",1425,"4076","4076",23.3992
"1426",1426,"4077","4077",18.9843
"1427",1427,"4078","4078",13.2186
"1428",1428,"4101","4101",5.1014
"1429",1429,"4102","4102",3.4279
"1430",1430,"4103","4103",4.0601
"1431",1431,"4104","4104",3.0297
"1432",1432,"4105","4105",7.1451
"1433",1433,"4106","4106",9.223
"1434",1434,"4107","4107",4.5662
"1435",1435,"4108","4108",8.7234
"1436",1436,"4109","4109",15.4409
"1437",1437,"4110","4110",34.6725
"1438",1438,"4111","4111",5.266
"1439",1439,"4112","4112",4.5809
"1440",1440,"4113","4113",14.3618
"1441",1441,"4114","4114",14.3563
"1442",1442,"4115","4115",11.9235
"1443",1443,"4116","4116",16.1304
"1444",1444,"4117","4117",12.5543
"1445",1445,"4118","4118",24.1339
"1446",1446,"4119","4119",4.1871
"1447",1447,"4120","4120",2.9685
"1448",1448,"4121","4121",10.4276
"1449",1449,"4122","4122",20.8577
"1450",1450,"4123","4123",21.5666
"1451",1451,"4124","4124",213.082
"1452",1452,"4125","4125",38.7811
"1453",1453,"4127","4127",30.3412
"1454",1454,"4128","4128",12.1387
"1455",1455,"4129","4129",8.8171
"1456",1456,"4130","4130",37.9606
"1457",1457,"4131","4131",11.3025
"1458",1458,"4132","4132",13.3988
"1459",1459,"4133","4133",47.8856
"1460",1460,"4151","4151",5.3176
"1461",1461,"4152","4152",23.3753
"1462",1462,"4153","4153",9.7744
"1463",1463,"4154","4154",15.22
"1464",1464,"4155","4155",13.5401
"1465",1465,"4156","4156",31.9789
"1466",1466,"4157","4157",41.4595
"1467",1467,"4158","4158",2.6658
"1468",1468,"4159","4159",11.273
"1469",1469,"4160","4160",14.7691
"1470",1470,"4161","4161",13.6902
"1471",1471,"4163","4163",11.8716
"1472",1472,"4164","4164",21.6475
"1473",1473,"4165","4165",113.902
"1474",1474,"4169","4169",3.1985
"1475",1475,"4170","4170",12.8115
"1476",1476,"4171","4171",4.7634
"1477",1477,"4172","4172",8.4585
"1478",1478,"4173","4173",8.6952
"1479",1479,"4174","4174",6.6961
"1480",1480,"4178","4178",44.3278
"1481",1481,"4179","4179",9.2731
"1482",1482,"4183","4183",272.685
"1483",1483,"4184","4184",33.2038
"1484",1484,"4205","4205",5.8367
"1485",1485,"4207","4207",281.85
"1486",1486,"4208","4208",141.599
"1487",1487,"4209","4209",131.219
"1488",1488,"4210","4210",83.7652
"1489",1489,"4211","4211",447.528
"1490",1490,"4212","4212",34.1517
"1491",1491,"4213","4213",168.786
"1492",1492,"4214","4214",30.4289
"1493",1493,"4215","4215",18.8988
"1494",1494,"4216","4216",47.5148
"1495",1495,"4217","4217",19.8137
"1496",1496,"4218","4218",15.3977
"1497",1497,"4220","4220",19.9899
"1498",1498,"4221","4221",15.225
"1499",1499,"4222","4222",0.353
"1500",1500,"4223","4223",47.0841
"1501",1501,"4224","4224",3.1169
"1502",1502,"4225","4225",4.6137
"1503",1503,"4226","4226",27.6283
"1504",1504,"4227","4227",12.325
"1505",1505,"4228","4228",79.405
"1506",1506,"4229","4229",0.3441
"1507",1507,"4230","4230",1.0486
"1508",1508,"4270","4270",71.2311
"1509",1509,"4271","4271",6.3144
"1510",1510,"4272","4272",36.1375
"1511",1511,"4275","4275",329.009
"1512",1512,"4280","4280",141.817
"1513",1513,"4285","4285",1416.05
"1514",1514,"4287","4287",421.047
"1515",1515,"4300","4300",56.2478
"1516",1516,"4301","4301",35.2574
"1517",1517,"4303","4303",15.071
"1518",1518,"4304","4304",22.6959
"1519",1519,"4305","4305",74.1366
"1520",1520,"4306","4306",2856.68
"1521",1521,"4307","4307",205.399
"1522",1522,"4309","4309",542.809
"1523",1523,"4310","4310",925.142
"1524",1524,"4311","4311",578.922
"1525",1525,"4312","4312",1071.18
"1526",1526,"4313","4313",610.947
"1527",1527,"4340","4340",698.855
"1528",1528,"4341","4341",493.173
"1529",1529,"4342","4342",103.004
"1530",1530,"4343","4343",852.307
"1531",1531,"4344","4344",318.35
"1532",1532,"4345","4345",7.1286
"1533",1533,"4346","4346",25.4153
"1534",1534,"4347","4347",140.532
"1535",1535,"4350","4350",313.399
"1536",1536,"4352","4352",3943.03
"1537",1537,"4353","4353",99.239
"1538",1538,"4354","4354",158.355
"1539",1539,"4355","4355",800.081
"1540",1540,"4356","4356",1046.97
"1541",1541,"4357","4357",2814.88
"1542",1542,"4358","4358",425.544
"1543",1543,"4359","4359",267.123
"1544",1544,"4360","4360",121.635
"1545",1545,"4361","4361",769.909
"1546",1546,"4362","4362",461.337
"1547",1547,"4363","4363",65.7958
"1548",1548,"4364","4364",150.683
"1549",1549,"4365","4365",317.479
"1550",1550,"4370","4370",2443.67
"1551",1551,"4371","4371",330.984
"1552",1552,"4372","4372",32.465
"1553",1553,"4373","4373",164.002
"1554",1554,"4374","4374",488.075
"1555",1555,"4375","4375",27.3157
"1556",1556,"4376","4376",13.5308
"1557",1557,"4377","4377",153.719
"1558",1558,"4378","4378",46.8101
"1559",1559,"4380","4380",1778.12
"1560",1560,"4381","4381",70.205
"1561",1561,"4382","4382",551.253
"1562",1562,"4383","4383",88.08
"1563",1563,"4384","4384",203.541
"1564",1564,"4385","4385",1996.68
"1565",1565,"4387","4387",3104.94
"1566",1566,"4388","4388",700.109
"1567",1567,"4390","4390",5342.62
"1568",1568,"4400","4400",59.1923
"1569",1569,"4401","4401",651.808
"1570",1570,"4402","4402",229.059
"1571",1571,"4403","4403",591.603
"1572",1572,"4404","4404",613.206
"1573",1573,"4405","4405",3297.81
"1574",1574,"4406","4406",7550.09
"1575",1575,"4407","4407",1775.04
"1576",1576,"4408","4408",489.187
"1577",1577,"4410","4410",515.365
"1578",1578,"4411","4411",433.724
"1579",1579,"4412","4412",343.048
"1580",1580,"4413","4413",7334.24
"1581",1581,"4415","4415",2305.46
"1582",1582,"4416","4416",2010.65
"1583",1583,"4417","4417",5069.14
"1584",1584,"4418","4418",387.669
"1585",1585,"4419","4419",4252.58
"1586",1586,"4420","4420",11829.9
"1587",1587,"4421","4421",1638.64
"1588",1588,"4422","4422",3182.52
"1589",1589,"4423","4423",2413.36
"1590",1590,"4424","4424",942.382
"1591",1591,"4425","4425",676.958
"1592",1592,"4426","4426",1057.58
"1593",1593,"4427","4427",2212.19
"1594",1594,"4428","4428",2349.13
"1595",1595,"4454","4454",6599.38
"1596",1596,"4455","4455",10349
"1597",1597,"4461","4461",241.77
"1598",1598,"4462","4462",1738.9
"1599",1599,"4465","4465",19240.8
"1600",1600,"4467","4467",6344.48
"1601",1601,"4468","4468",8082.33
"1602",1602,"4470","4470",19243.8
"1603",1603,"4472","4472",17632.6
"1604",1604,"4474","4474",18448.7
"1605",1605,"4475","4475",2906.07
"1606",1606,"4477","4477",8425.6
"1607",1607,"4478","4478",12904.7
"1608",1608,"4479","4479",3990.18
"1609",1609,"4480","4480",65674.7
"1610",1610,"4481","4481",33308.6
"1611",1611,"4482","4482",32959.5
"1612",1612,"4486","4486",9947.91
"1613",1613,"4487","4487",12740.9
"1614",1614,"4488","4488",14724
"1615",1615,"4489","4489",5069.18
"1616",1616,"4490","4490",30098.7
"1617",1617,"4491","4491",6078.07
"1618",1618,"4492","4492",49759.1
"1619",1619,"4493","4493",6145.69
"1620",1620,"4494","4494",1676.79
"1621",1621,"4496","4496",1719.31
"1622",1622,"4497","4497",3505.07
"1623",1623,"4498","4498",1423.15
"1624",1624,"4500","4500",86.5893
"1625",1625,"4501","4501",8.1316
"1626",1626,"4502","4502",6.6035
"1627",1627,"4503","4503",99.6934
"1628",1628,"4504","4504",41.7371
"1629",1629,"4505","4505",52.3357
"1630",1630,"4506","4506",58.7977
"1631",1631,"4507","4507",145.35
"1632",1632,"4508","4508",19.4373
"1633",1633,"4509","4509",26.2561
"1634",1634,"4510","4510",218.94
"1635",1635,"4511","4511",36.5018
"1636",1636,"4512","4512",102.115
"1637",1637,"4514","4514",511.987
"1638",1638,"4515","4515",1384.48
"1639",1639,"4516","4516",101.179
"1640",1640,"4517","4517",80.7742
"1641",1641,"4518","4518",72.414
"1642",1642,"4519","4519",202.028
"1643",1643,"4520","4520",332.324
"1644",1644,"4521","4521",288.228
"1645",1645,"4550","4550",69.6787
"1646",1646,"4551","4551",95.279
"1647",1647,"4552","4552",455.826
"1648",1648,"4553","4553",65.1101
"1649",1649,"4554","4554",37.3254
"1650",1650,"4555","4555",49.291
"1651",1651,"4556","4556",71.7189
"1652",1652,"4557","4557",11.3654
"1653",1653,"4558","4558",14.9241
"1654",1654,"4559","4559",41.1572
"1655",1655,"4560","4560",218.374
"1656",1656,"4561","4561",117.727
"1657",1657,"4562","4562",207.535
"1658",1658,"4563","4563",176.252
"1659",1659,"4564","4564",24.0131
"1660",1660,"4565","4565",304.332
"1661",1661,"4566","4566",26.2506
"1662",1662,"4567","4567",19.966
"1663",1663,"4568","4568",96.0095
"1664",1664,"4569","4569",37.584
"1665",1665,"4570","4570",3861.14
"1666",1666,"4571","4571",202.303
"1667",1667,"4572","4572",1.5035
"1668",1668,"4573","4573",61.235
"1669",1669,"4574","4574",360.384
"1670",1670,"4575","4575",17.8272
"1671",1671,"4580","4580",707.85
"1672",1672,"4581","4581",1693.73
"1673",1673,"4600","4600",623.027
"1674",1674,"4601","4601",1800.57
"1675",1675,"4605","4605",771.777
"1676",1676,"4606","4606",250.762
"1677",1677,"4608","4608",463.573
"1678",1678,"4610","4610",3801.94
"1679",1679,"4611","4611",42.5772
"1680",1680,"4612","4612",599.595
"1681",1681,"4613","4613",1749.94
"1682",1682,"4614","4614",248.535
"1683",1683,"4615","4615",1360.85
"1684",1684,"4620","4620",1180.93
"1685",1685,"4621","4621",1627.36
"1686",1686,"4625","4625",3244.33
"1687",1687,"4626","4626",4227.31
"1688",1688,"4627","4627",4801.09
"1689",1689,"4630","4630",5561.74
"1690",1690,"4650","4650",2645.92
"1691",1691,"4655","4655",458.59
"1692",1692,"4659","4659",301.255
"1693",1693,"4660","4660",1489.83
"1694",1694,"4662","4662",29.3873
"1695",1695,"4670","4670",1781.79
"1696",1696,"4671","4671",3774.17
"1697",1697,"4673","4673",304.372
"1698",1698,"4674","4674",1078.15
"1699",1699,"4676","4676",647.643
"1700",1700,"4677","4677",1423.53
"1701",1701,"4678","4678",642.708
"1702",1702,"4680","4680",4993.76
"1703",1703,"4694","4694",277.666
"1704",1704,"4695","4695",843.508
"1705",1705,"4697","4697",596.549
"1706",1706,"4699","4699",895.195
"1707",1707,"4700","4700",114.592
"1708",1708,"4701","4701",534.344
"1709",1709,"4702","4702",47039.9
"1710",1710,"4703","4703",1159.52
"1711",1711,"4704","4704",98.0086
"1712",1712,"4705","4705",8543.11
"1713",1713,"4706","4706",1440.79
"1714",1714,"4707","4707",2983.43
"1715",1715,"4709","4709",11.4711
"1716",1716,"4710","4710",33.5185
"1717",1717,"4711","4711",63.8306
"1718",1718,"4712","4712",626.426
"1719",1719,"4713","4713",219.515
"1720",1720,"4714","4714",490.665
"1721",1721,"4715","4715",2772.46
"1722",1722,"4716","4716",1269.49
"1723",1723,"4717","4717",657.319
"1724",1724,"4718","4718",5866.15
"1725",1725,"4719","4719",4044.55
"1726",1726,"4720","4720",1097.79
"1727",1727,"4721","4721",24091.8
"1728",1728,"4722","4722",18208.3
"1729",1729,"4723","4723",3992.44
"1730",1730,"4724","4724",12394.2
"1731",1731,"4725","4725",10793.8
"1732",1732,"4726","4726",15087.3
"1733",1733,"4727","4727",6580.92
"1734",1734,"4728","4728",9441.83
"1735",1735,"4730","4730",41149.8
"1736",1736,"4731","4731",10508.8
"1737",1737,"4732","4732",3435.22
"1738",1738,"4733","4733",15789.5
"1739",1739,"4735","4735",57394.4
"1740",1740,"4736","4736",13084.7
"1741",1741,"4737","4737",940.532
"1742",1742,"4738","4738",1033.99
"1743",1743,"4739","4739",475.434
"1744",1744,"4740","4740",879.001
"1745",1745,"4741","4741",4176.03
"1746",1746,"4742","4742",9701.2
"1747",1747,"4743","4743",735.015
"1748",1748,"4744","4744",3046.64
"1749",1749,"4745","4745",3620.26
"1750",1750,"4746","4746",2054.37
"1751",1751,"4750","4750",17.8539
"1752",1752,"4751","4751",109.204
"1753",1753,"4753","4753",135.894
"1754",1754,"4754","4754",547.864
"1755",1755,"4756","4756",195.317
"1756",1756,"4757","4757",833.485
"1757",1757,"4798","4798",294.434
"1758",1758,"4799","4799",463.601
"1759",1759,"4800","4800",2436.53
"1760",1760,"4801","4801",3.5287
"1761",1761,"4802","4802",276.434
"1762",1762,"4803","4803",7.0161
"1763",1763,"4804","4804",14258.7
"1764",1764,"4805","4805",6858.76
"1765",1765,"4806","4806",1315.77
"1766",1766,"4807","4807",2424.96
"1767",1767,"4808","4808",203.216
"1768",1768,"4809","4809",1015.46
"1769",1769,"4810","4810",289.67
"1770",1770,"4811","4811",166.336
"1771",1771,"4812","4812",13.2728
"1772",1772,"4814","4814",59.9761
"1773",1773,"4815","4815",674.053
"1774",1774,"4816","4816",53685.8
"1775",1775,"4817","4817",740.745
"1776",1776,"4818","4818",537.441
"1777",1777,"4819","4819",51.1523
"1778",1778,"4820","4820",41618.7
"1779",1779,"4821","4821",26801.3
"1780",1780,"4822","4822",32122.6
"1781",1781,"4823","4823",66283.7
"1782",1782,"4824","4824",31688.1
"1783",1783,"4825","4825",99780.6
"1784",1784,"4828","4828",9524.04
"1785",1785,"4829","4829",71910
"1786",1786,"4830","4830",31655.1
"1787",1787,"4849","4849",1094.69
"1788",1788,"4850","4850",7383.97
"1789",1789,"4852","4852",118.045
"1790",1790,"4854","4854",1723
"1791",1791,"4855","4855",103.574
"1792",1792,"4856","4856",117.009
"1793",1793,"4858","4858",75.1584
"1794",1794,"4859","4859",19.2955
"1795",1795,"4860","4860",1275.04
"1796",1796,"4861","4861",118.975
"1797",1797,"4865","4865",191.898
"1798",1798,"4868","4868",26.5384
"1799",1799,"4869","4869",67.7783
"1800",1800,"4870","4870",331.401
"1801",1801,"4871","4871",88314.6
"1802",1802,"4872","4872",12709.7
"1803",1803,"4873","4873",1562.41
"1804",1804,"4874","4874",24320
"1805",1805,"4875","4875",851.262
"1806",1806,"4876","4876",1339.94
"1807",1807,"4877","4877",164.874
"1808",1808,"4878","4878",50.5256
"1809",1809,"4879","4879",23.9907
"1810",1810,"4880","4880",1321.15
"1811",1811,"4881","4881",591.318
"1812",1812,"4882","4882",85.4145
"1813",1813,"4883","4883",292.987
"1814",1814,"4884","4884",198.181
"1815",1815,"4885","4885",314.145
"1816",1816,"4886","4886",253.087
"1817",1817,"4887","4887",1198.64
"1818",1818,"4888","4888",559.177
"1819",1819,"4890","4890",15793.2
"1820",1820,"4891","4891",134.455
"1821",1821,"4892","4892",143377
"1822",1822,"4895","4895",9277.25
"1823",1823,"5000","5000",10.2519
"1824",1824,"5005","5005",0.2305
"1825",1825,"5006","5006",5.0909
"1826",1826,"5007","5007",3.6055
"1827",1827,"5008","5008",6.1854
"1828",1828,"5009","5009",3.4541
"1829",1829,"5010","5010",5.8508
"1830",1830,"5011","5011",5.5261
"1831",1831,"5012","5012",4.3751
"1832",1832,"5013","5013",14.5776
"1833",1833,"5014","5014",6.1186
"1834",1834,"5015","5015",7.2668
"1835",1835,"5016","5016",4.8979
"1836",1836,"5017","5017",9.5023
"1837",1837,"5018","5018",3.1252
"1838",1838,"5019","5019",3.9321
"1839",1839,"5020","5020",1.5622
"1840",1840,"5021","5021",4.3836
"1841",1841,"5022","5022",7.7915
"1842",1842,"5023","5023",7.1329
"1843",1843,"5024","5024",7.9124
"1844",1844,"5025","5025",3.9453
"1845",1845,"5031","5031",5.695
"1846",1846,"5032","5032",5.702
"1847",1847,"5033","5033",3.651
"1848",1848,"5034","5034",4.045
"1849",1849,"5035","5035",3.0222
"1850",1850,"5037","5037",4.3684
"1851",1851,"5038","5038",5.7331
"1852",1852,"5039","5039",4.6336
"1853",1853,"5040","5040",1.7647
"1854",1854,"5041","5041",6.2103
"1855",1855,"5042","5042",8.6535
"1856",1856,"5043","5043",8.2392
"1857",1857,"5044","5044",4.1037
"1858",1858,"5045","5045",5.7359
"1859",1859,"5046","5046",4.0234
"1860",1860,"5047","5047",4.1823
"1861",1861,"5048","5048",5.8082
"1862",1862,"5049","5049",9.1543
"1863",1863,"5050","5050",6.5603
"1864",1864,"5051","5051",17.6845
"1865",1865,"5052","5052",16.0248
"1866",1866,"5061","5061",4.0391
"1867",1867,"5062","5062",16.5077
"1868",1868,"5063","5063",3.8585
"1869",1869,"5064","5064",7.8875
"1870",1870,"5065","5065",4.2878
"1871",1871,"5066","5066",9.0577
"1872",1872,"5067","5067",3.9255
"1873",1873,"5068","5068",5.0515
"1874",1874,"5069","5069",3.8454
"1875",1875,"5070","5070",6.2151
"1876",1876,"5072","5072",14.2129
"1877",1877,"5073","5073",7.5046
"1878",1878,"5074","5074",5.6525
"1879",1879,"5075","5075",5.6066
"1880",1880,"5076","5076",10.6715
"1881",1881,"5081","5081",4.1957
"1882",1882,"5082","5082",5.6358
"1883",1883,"5083","5083",2.8234
"1884",1884,"5084","5084",4.861
"1885",1885,"5085","5085",8.501
"1886",1886,"5086","5086",7.0281
"1887",1887,"5087","5087",5.0299
"1888",1888,"5088","5088",1.893
"1889",1889,"5089","5089",4.3298
"1890",1890,"5090","5090",5.0538
"1891",1891,"5091","5091",8.5918
"1892",1892,"5092","5092",9.4493
"1893",1893,"5093","5093",4.3878
"1894",1894,"5094","5094",30.8255
"1895",1895,"5095","5095",11.5079
"1896",1896,"5096","5096",9.5243
"1897",1897,"5097","5097",6.991
"1898",1898,"5098","5098",6.1001
"1899",1899,"5106","5106",6.6876
"1900",1900,"5107","5107",7.921
"1901",1901,"5108","5108",18.3572
"1902",1902,"5109","5109",16.1962
"1903",1903,"5110","5110",65.6776
"1904",1904,"5111","5111",18.7439
"1905",1905,"5112","5112",14.8614
"1906",1906,"5113","5113",12.5056
"1907",1907,"5114","5114",152.847
"1908",1908,"5115","5115",19.7061
"1909",1909,"5116","5116",23.5589
"1910",1910,"5117","5117",14.0542
"1911",1911,"5118","5118",166.938
"1912",1912,"5120","5120",86.1985
"1913",1913,"5121","5121",32.9719
"1914",1914,"5125","5125",23.6636
"1915",1915,"5126","5126",5.8067
"1916",1916,"5127","5127",4.4199
"1917",1917,"5131","5131",21.3011
"1918",1918,"5132","5132",19.7554
"1919",1919,"5133","5133",14.1
"1920",1920,"5134","5134",36.5354
"1921",1921,"5136","5136",7.7715
"1922",1922,"5137","5137",8.2627
"1923",1923,"5138","5138",11.9523
"1924",1924,"5139","5139",9.345
"1925",1925,"5140","5140",3.7167
"1926",1926,"5141","5141",13.1923
"1927",1927,"5142","5142",3.4725
"1928",1928,"5144","5144",10.2028
"1929",1929,"5150","5150",1.9558
"1930",1930,"5151","5151",4.0978
"1931",1931,"5152","5152",32.833
"1932",1932,"5153","5153",176.143
"1933",1933,"5154","5154",8.4056
"1934",1934,"5155","5155",15.0757
"1935",1935,"5156","5156",7.3237
"1936",1936,"5157","5157",223.669
"1937",1937,"5158","5158",23.8312
"1938",1938,"5159","5159",37.4231
"1939",1939,"5160","5160",9.5848
"1940",1940,"5161","5161",7.7053
"1941",1941,"5162","5162",19.6861
"1942",1942,"5163","5163",34.6199
"1943",1943,"5164","5164",3.1934
"1944",1944,"5165","5165",2.8639
"1945",1945,"5166","5166",1.8617
"1946",1946,"5167","5167",4.2534
"1947",1947,"5168","5168",9.0287
"1948",1948,"5169","5169",15.2726
"1949",1949,"5170","5170",6.5506
"1950",1950,"5171","5171",115.916
"1951",1951,"5172","5172",170.857
"1952",1952,"5173","5173",29.1294
"1953",1953,"5174","5174",52.345
"1954",1954,"5201","5201",139.527
"1955",1955,"5202","5202",159.183
"1956",1956,"5203","5203",211.412
"1957",1957,"5204","5204",296.68
"1958",1958,"5210","5210",90.6108
"1959",1959,"5211","5211",459.019
"1960",1960,"5212","5212",21.2672
"1961",1961,"5213","5213",35.4559
"1962",1962,"5214","5214",272.024
"1963",1963,"5220","5220",2.8044
"1964",1964,"5221","5221",38.5042
"1965",1965,"5222","5222",385.659
"1966",1966,"5223","5223",3973.76
"1967",1967,"5231","5231",99.4012
"1968",1968,"5232","5232",42.9974
"1969",1969,"5233","5233",77.5345
"1970",1970,"5234","5234",43.6525
"1971",1971,"5235","5235",383.423
"1972",1972,"5236","5236",129.857
"1973",1973,"5237","5237",198.108
"1974",1974,"5238","5238",1487.12
"1975",1975,"5240","5240",22.0768
"1976",1976,"5241","5241",26.1921
"1977",1977,"5242","5242",31.6068
"1978",1978,"5243","5243",26.981
"1979",1979,"5244","5244",223.481
"1980",1980,"5245","5245",31.6551
"1981",1981,"5250","5250",15.1988
"1982",1982,"5251","5251",102.369
"1983",1983,"5252","5252",115.392
"1984",1984,"5253","5253",874.893
"1985",1985,"5254","5254",666.231
"1986",1986,"5255","5255",818.493
"1987",1987,"5256","5256",180.177
"1988",1988,"5259","5259",1808.26
"1989",1989,"5260","5260",285.398
"1990",1990,"5261","5261",1136.23
"1991",1991,"5262","5262",486.056
"1992",1992,"5263","5263",110.697
"1993",1993,"5264","5264",1613.53
"1994",1994,"5265","5265",1080.52
"1995",1995,"5266","5266",2013.95
"1996",1996,"5267","5267",3258
"1997",1997,"5268","5268",1753.51
"1998",1998,"5269","5269",286.914
"1999",1999,"5270","5270",531.575
"2000",2000,"5271","5271",2810.92
"2001",2001,"5272","5272",1923.28
"2002",2002,"5273","5273",316.594
"2003",2003,"5275","5275",3123.72
"2004",2004,"5276","5276",543.925
"2005",2005,"5277","5277",1201.69
"2006",2006,"5278","5278",255.938
"2007",2007,"5279","5279",523.274
"2008",2008,"5280","5280",1958.32
"2009",2009,"5290","5290",26.7965
"2010",2010,"5291","5291",1741.37
"2011",2011,"5301","5301",1980.36
"2012",2012,"5302","5302",4004.28
"2013",2013,"5303","5303",739.895
"2014",2014,"5304","5304",1682.47
"2015",2015,"5306","5306",314.724
"2016",2016,"5307","5307",1073.88
"2017",2017,"5308","5308",1286.25
"2018",2018,"5309","5309",1288.18
"2019",2019,"5310","5310",443.051
"2020",2020,"5311","5311",3234.66
"2021",2021,"5320","5320",1820.48
"2022",2022,"5321","5321",176.219
"2023",2023,"5322","5322",91.681
"2024",2024,"5330","5330",1842.39
"2025",2025,"5331","5331",83.815
"2026",2026,"5332","5332",292.129
"2027",2027,"5333","5333",720.635
"2028",2028,"5340","5340",679.113
"2029",2029,"5341","5341",2497.39
"2030",2030,"5342","5342",213.235
"2031",2031,"5343","5343",202.192
"2032",2032,"5344","5344",31.468
"2033",2033,"5345","5345",205.306
"2034",2034,"5346","5346",15.3753
"2035",2035,"5350","5350",32.1523
"2036",2036,"5351","5351",284.078
"2037",2037,"5352","5352",108.577
"2038",2038,"5353","5353",1027.76
"2039",2039,"5354","5354",891.773
"2040",2040,"5355","5355",158.155
"2041",2041,"5356","5356",666.061
"2042",2042,"5357","5357",1117.96
"2043",2043,"5360","5360",34.4409
"2044",2044,"5371","5371",112.651
"2045",2045,"5372","5372",88.8785
"2046",2046,"5373","5373",453.166
"2047",2047,"5374","5374",1373.35
"2048",2048,"5381","5381",652.615
"2049",2049,"5400","5400",171.465
"2050",2050,"5401","5401",269.093
"2051",2051,"5410","5410",88.1949
"2052",2052,"5411","5411",102.553
"2053",2053,"5412","5412",218.321
"2054",2054,"5413","5413",502.84
"2055",2055,"5414","5414",93.3548
"2056",2056,"5415","5415",130.894
"2057",2057,"5416","5416",167.949
"2058",2058,"5417","5417",17230.5
"2059",2059,"5418","5418",546.127
"2060",2060,"5419","5419",1432.82
"2061",2061,"5420","5420",279.699
"2062",2062,"5421","5421",318.573
"2063",2063,"5422","5422",3115.84
"2064",2064,"5431","5431",4000.91
"2065",2065,"5432","5432",8075.85
"2066",2066,"5433","5433",1523.8
"2067",2067,"5434","5434",9367.8
"2068",2068,"5440","5440",48669.3
"2069",2069,"5451","5451",141.868
"2070",2070,"5452","5452",70.8572
"2071",2071,"5453","5453",544.463
"2072",2072,"5454","5454",545.577
"2073",2073,"5455","5455",92.2952
"2074",2074,"5460","5460",313.452
"2075",2075,"5461","5461",871.576
"2076",2076,"5462","5462",159.122
"2077",2077,"5464","5464",812.832
"2078",2078,"5470","5470",180.806
"2079",2079,"5471","5471",127.819
"2080",2080,"5472","5472",172.359
"2081",2081,"5473","5473",204.764
"2082",2082,"5480","5480",256.645
"2083",2083,"5481","5481",352.449
"2084",2084,"5482","5482",440.763
"2085",2085,"5483","5483",328.655
"2086",2086,"5485","5485",601.736
"2087",2087,"5490","5490",262.868
"2088",2088,"5491","5491",777.598
"2089",2089,"5493","5493",18.8997
"2090",2090,"5495","5495",548.96
"2091",2091,"5501","5501",655.707
"2092",2092,"5502","5502",356.545
"2093",2093,"5510","5510",128.1
"2094",2094,"5520","5520",516.73
"2095",2095,"5521","5521",157.836
"2096",2096,"5522","5522",378.474
"2097",2097,"5523","5523",966.818
"2098",2098,"5540","5540",746.825
"2099",2099,"5550","5550",594.03
"2100",2100,"5552","5552",585.505
"2101",2101,"5554","5554",431.785
"2102",2102,"5555","5555",605.966
"2103",2103,"5556","5556",146.531
"2104",2104,"5558","5558",429.985
"2105",2105,"5560","5560",363.813
"2106",2106,"5570","5570",199.141
"2107",2107,"5571","5571",523.368
"2108",2108,"5572","5572",145.011
"2109",2109,"5573","5573",1116.71
"2110",2110,"5575","5575",1367.32
"2111",2111,"5576","5576",474.903
"2112",2112,"5577","5577",958.497
"2113",2113,"5580","5580",303.468
"2114",2114,"5581","5581",78.0889
"2115",2115,"5582","5582",60.7914
"2116",2116,"5583","5583",73.8878
"2117",2117,"5600","5600",4440.95
"2118",2118,"5601","5601",1101.24
"2119",2119,"5602","5602",3268.88
"2120",2120,"5603","5603",1596.91
"2121",2121,"5604","5604",268.353
"2122",2122,"5605","5605",593.621
"2123",2123,"5606","5606",88.5758
"2124",2124,"5607","5607",6379.92
"2125",2125,"5608","5608",14.1814
"2126",2126,"5609","5609",3.0669
"2127",2127,"5630","5630",261.005
"2128",2128,"5631","5631",683.472
"2129",2129,"5632","5632",839.631
"2130",2130,"5633","5633",1180.2
"2131",2131,"5640","5640",1185.24
"2132",2132,"5641","5641",5586.14
"2133",2133,"5642","5642",1840.07
"2134",2134,"5650","5650",1115.37
"2135",2135,"5651","5651",393.234
"2136",2136,"5652","5652",844.389
"2137",2137,"5653","5653",482.186
"2138",2138,"5654","5654",2855.71
"2139",2139,"5655","5655",2572.31
"2140",2140,"5660","5660",465.715
"2141",2141,"5661","5661",1186.16
"2142",2142,"5670","5670",3448.41
"2143",2143,"5671","5671",1024.52
"2144",2144,"5680","5680",6743.65
"2145",2145,"5690","5690",191158
"2146",2146,"5700","5700",467.803
"2147",2147,"5701","5701",145.464
"2148",2148,"5710","5710",68.0934
"2149",2149,"5713","5713",13812
"2150",2150,"5715","5715",7906.75
"2151",2151,"5717","5717",27097.8
"2152",2152,"5719","5719",36474.7
"2153",2153,"5720","5720",23480.2
"2154",2154,"5722","5722",23.8165
"2155",2155,"5723","5723",78520.5
"2156",2156,"5724","5724",57785.3
"2157",2157,"5725","5725",288.361
"2158",2158,"5730","5730",5245.93
"2159",2159,"5731","5731",70900.6
"2160",2160,"5732","5732",10976
"2161",2161,"5733","5733",68876.1
"2162",2162,"5734","5734",65518.2
"2163",2163,"5950","5950",7.2952
"2164",2164,"5960","5960",8.8253
"2165",2165,"6000","6000",4.5634
"2166",2166,"6003","6003",0.8386
"2167",2167,"6004","6004",3.2048
"2168",2168,"6005","6005",6.3714
"2169",2169,"6006","6006",3.0669
"2170",2170,"6007","6007",2.9761
"2171",2171,"6008","6008",7.1124
"2172",2172,"6009","6009",9.7499
"2173",2173,"6010","6010",15.4326
"2174",2174,"6011","6011",4.8188
"2175",2175,"6012","6012",4.3472
"2176",2176,"6014","6014",9.5601
"2177",2177,"6015","6015",9.8264
"2178",2178,"6016","6016",3.1658
"2179",2179,"6017","6017",8.011
"2180",2180,"6018","6018",18.8816
"2181",2181,"6019","6019",9.3522
"2182",2182,"6020","6020",12.8371
"2183",2183,"6021","6021",11.9028
"2184",2184,"6022","6022",3.3065
"2185",2185,"6023","6023",7.4473
"2186",2186,"6024","6024",8.5644
"2187",2187,"6025","6025",19.6832
"2188",2188,"6026","6026",15.4191
"2189",2189,"6027","6027",32.6881
"2190",2190,"6028","6028",11.7935
"2191",2191,"6029","6029",2.3777
"2192",2192,"6030","6030",24.0067
"2193",2193,"6031","6031",41.7401
"2194",2194,"6032","6032",40.0377
"2195",2195,"6033","6033",19.0897
"2196",2196,"6034","6034",15.4898
"2197",2197,"6035","6035",218.521
"2198",2198,"6036","6036",9.0069
"2199",2199,"6037","6037",51.6257
"2200",2200,"6038","6038",17.1744
"2201",2201,"6041","6041",268.022
"2202",2202,"6042","6042",12.8435
"2203",2203,"6043","6043",221.268
"2204",2204,"6044","6044",654.143
"2205",2205,"6050","6050",6.3582
"2206",2206,"6051","6051",5.0046
"2207",2207,"6052","6052",5.1575
"2208",2208,"6053","6053",9.8453
"2209",2209,"6054","6054",13.2011
"2210",2210,"6055","6055",58.81
"2211",2211,"6056","6056",102.54
"2212",2212,"6057","6057",18.718
"2213",2213,"6058","6058",17.0785
"2214",2214,"6059","6059",10.7402
"2215",2215,"6060","6060",8.4539
"2216",2216,"6061","6061",16.2742
"2217",2217,"6062","6062",17.1502
"2218",2218,"6063","6063",9.1646
"2219",2219,"6064","6064",15.5884
"2220",2220,"6065","6065",49.6904
"2221",2221,"6066","6066",8.8563
"2222",2222,"6067","6067",15.6755
"2223",2223,"6068","6068",27.8788
"2224",2224,"6069","6069",74.1533
"2225",2225,"6070","6070",12.0621
"2226",2226,"6071","6071",44.5963
"2227",2227,"6072","6072",5.8633
"2228",2228,"6073","6073",31.6307
"2229",2229,"6074","6074",169.416
"2230",2230,"6076","6076",245.335
"2231",2231,"6077","6077",33.4443
"2232",2232,"6078","6078",146.377
"2233",2233,"6079","6079",100.339
"2234",2234,"6081","6081",37.4572
"2235",2235,"6082","6082",76.1251
"2236",2236,"6083","6083",507.976
"2237",2237,"6084","6084",635.23
"2238",2238,"6090","6090",6.5793
"2239",2239,"6100","6100",7.5755
"2240",2240,"6101","6101",6.2709
"2241",2241,"6102","6102",7.1731
"2242",2242,"6103","6103",3.3406
"2243",2243,"6104","6104",10.7948
"2244",2244,"6105","6105",32.8388
"2245",2245,"6106","6106",8.314
"2246",2246,"6107","6107",37.5338
"2247",2247,"6108","6108",11.591
"2248",2248,"6109","6109",24.7842
"2249",2249,"6110","6110",62.0301
"2250",2250,"6111","6111",457.683
"2251",2251,"6112","6112",135.359
"2252",2252,"6121","6121",88.0009
"2253",2253,"6122","6122",123.325
"2254",2254,"6123","6123",35.8428
"2255",2255,"6124","6124",256.387
"2256",2256,"6125","6125",220.607
"2257",2257,"6126","6126",180.601
"2258",2258,"6147","6147",8.685
"2259",2259,"6148","6148",9.6115
"2260",2260,"6149","6149",11.6173
"2261",2261,"6150","6150",9.6981
"2262",2262,"6151","6151",7.7565
"2263",2263,"6152","6152",12.5505
"2264",2264,"6153","6153",9.126
"2265",2265,"6154","6154",5.533
"2266",2266,"6155","6155",34.0901
"2267",2267,"6156","6156",7.5866
"2268",2268,"6157","6157",6.2652
"2269",2269,"6158","6158",3.1384
"2270",2270,"6159","6159",3.3362
"2271",2271,"6160","6160",5.5311
"2272",2272,"6161","6161",19.1817
"2273",2273,"6162","6162",5.4319
"2274",2274,"6163","6163",42.7309
"2275",2275,"6164","6164",78.462
"2276",2276,"6165","6165",18.2523
"2277",2277,"6166","6166",35.3557
"2278",2278,"6167","6167",76.6401
"2279",2279,"6168","6168",49.0225
"2280",2280,"6169","6169",31.3418
"2281",2281,"6170","6170",25.1197
"2282",2282,"6171","6171",87.3148
"2283",2283,"6172","6172",21.2107
"2284",2284,"6173","6173",6.5448
"2285",2285,"6174","6174",4.4148
"2286",2286,"6175","6175",3.6112
"2287",2287,"6176","6176",32.2106
"2288",2288,"6180","6180",13.5708
"2289",2289,"6181","6181",9.052
"2290",2290,"6182","6182",22.0186
"2291",2291,"6207","6207",540.215
"2292",2292,"6208","6208",485.609
"2293",2293,"6209","6209",22.554
"2294",2294,"6210","6210",63.4011
"2295",2295,"6211","6211",98.0635
"2296",2296,"6213","6213",498.195
"2297",2297,"6214","6214",144.286
"2298",2298,"6215","6215",832.09
"2299",2299,"6218","6218",91.9458
"2300",2300,"6220","6220",861.539
"2301",2301,"6221","6221",317.563
"2302",2302,"6223","6223",70.7741
"2303",2303,"6224","6224",120.519
"2304",2304,"6225","6225",2920.94
"2305",2305,"6226","6226",95.065
"2306",2306,"6227","6227",40.4442
"2307",2307,"6228","6228",31.6676
"2308",2308,"6229","6229",18.6645
"2309",2309,"6230","6230",100.537
"2310",2310,"6232","6232",8.2782
"2311",2311,"6233","6233",170.818
"2312",2312,"6236","6236",432.335
"2313",2313,"6237","6237",289.595
"2314",2314,"6239","6239",553.252
"2315",2315,"6240","6240",44.7333
"2316",2316,"6243","6243",243.294
"2317",2317,"6244","6244",2363.77
"2318",2318,"6251","6251",174.28
"2319",2319,"6252","6252",87.8886
"2320",2320,"6253","6253",264.832
"2321",2321,"6254","6254",71.8219
"2322",2322,"6255","6255",731.265
"2323",2323,"6256","6256",818.728
"2324",2324,"6258","6258",2766.23
"2325",2325,"6260","6260",1590.98
"2326",2326,"6262","6262",1708.57
"2327",2327,"6271","6271",208.81
"2328",2328,"6275","6275",2607.69
"2329",2329,"6280","6280",871.729
"2330",2330,"6281","6281",120.649
"2331",2331,"6282","6282",94.6185
"2332",2332,"6284","6284",596.203
"2333",2333,"6285","6285",843.106
"2334",2334,"6286","6286",311.619
"2335",2335,"6288","6288",388.093
"2336",2336,"6290","6290",154.076
"2337",2337,"6302","6302",2757.4
"2338",2338,"6304","6304",1744.71
"2339",2339,"6306","6306",2015.19
"2340",2340,"6308","6308",2424.09
"2341",2341,"6309","6309",444.02
"2342",2342,"6311","6311",751.317
"2343",2343,"6312","6312",1299.44
"2344",2344,"6313","6313",542.391
"2345",2345,"6315","6315",2699.86
"2346",2346,"6316","6316",956.35
"2347",2347,"6317","6317",1822.97
"2348",2348,"6318","6318",1172.94
"2349",2349,"6320","6320",1436.71
"2350",2350,"6321","6321",1207.83
"2351",2351,"6322","6322",414.685
"2352",2352,"6323","6323",388.329
"2353",2353,"6324","6324",2717.43
"2354",2354,"6326","6326",543.528
"2355",2355,"6327","6327",270.28
"2356",2356,"6328","6328",2461.78
"2357",2357,"6330","6330",1428.2
"2358",2358,"6333","6333",1859.85
"2359",2359,"6335","6335",1018.59
"2360",2360,"6336","6336",2355.76
"2361",2361,"6337","6337",3403.74
"2362",2362,"6338","6338",3734.65
"2363",2363,"6341","6341",1963.92
"2364",2364,"6343","6343",3660.66
"2365",2365,"6346","6346",7273.05
"2366",2366,"6348","6348",538.349
"2367",2367,"6350","6350",485.763
"2368",2368,"6351","6351",394.237
"2369",2369,"6352","6352",769.502
"2370",2370,"6353","6353",3391
"2371",2371,"6355","6355",6019.58
"2372",2372,"6356","6356",3563.19
"2373",2373,"6357","6357",877.626
"2374",2374,"6358","6358",1051.16
"2375",2375,"6359","6359",5611.99
"2376",2376,"6361","6361",448.782
"2377",2377,"6363","6363",805.295
"2378",2378,"6365","6365",1848.42
"2379",2379,"6367","6367",1186.29
"2380",2380,"6368","6368",920.895
"2381",2381,"6369","6369",2171.49
"2382",2382,"6370","6370",834.945
"2383",2383,"6372","6372",384.801
"2384",2384,"6373","6373",559.095
"2385",2385,"6375","6375",1708.14
"2386",2386,"6383","6383",1797.25
"2387",2387,"6384","6384",219.678
"2388",2388,"6385","6385",342.945
"2389",2389,"6386","6386",534.738
"2390",2390,"6390","6390",2687.89
"2391",2391,"6391","6391",2290.1
"2392",2392,"6392","6392",1047.57
"2393",2393,"6393","6393",329.271
"2394",2394,"6394","6394",1568.59
"2395",2395,"6395","6395",1816.9
"2396",2396,"6396","6396",1391.34
"2397",2397,"6397","6397",882.638
"2398",2398,"6398","6398",1646.37
"2399",2399,"6401","6401",1286.19
"2400",2400,"6403","6403",60.0857
"2401",2401,"6405","6405",750.107
"2402",2402,"6407","6407",1112.34
"2403",2403,"6409","6409",1101.69
"2404",2404,"6410","6410",982.85
"2405",2405,"6411","6411",487.805
"2406",2406,"6412","6412",444.778
"2407",2407,"6413","6413",238.009
"2408",2408,"6414","6414",184.647
"2409",2409,"6415","6415",1687.82
"2410",2410,"6418","6418",1107.88
"2411",2411,"6419","6419",358.311
"2412",2412,"6420","6420",978.608
"2413",2413,"6421","6421",1246.39
"2414",2414,"6422","6422",528.001
"2415",2415,"6423","6423",1234.09
"2416",2416,"6424","6424",1623.22
"2417",2417,"6425","6425",1030.61
"2418",2418,"6426","6426",19004.7
"2419",2419,"6427","6427",527.564
"2420",2420,"6428","6428",380.824
"2421",2421,"6429","6429",23101.2
"2422",2422,"6430","6430",1218.14
"2423",2423,"6431","6431",106120
"2424",2424,"6432","6432",17.0965
"2425",2425,"6434","6434",80288.5
"2426",2426,"6436","6436",34758.8
"2427",2427,"6437","6437",11582.6
"2428",2428,"6438","6438",20332.5
"2429",2429,"6440","6440",179985
"2430",2430,"6442","6442",225.811
"2431",2431,"6443","6443",99855.8
"2432",2432,"6445","6445",9695.48
"2433",2433,"6446","6446",1481.57
"2434",2434,"6447","6447",3582.92
"2435",2435,"6448","6448",734.204
"2436",2436,"6450","6450",13847.5
"2437",2437,"6452","6452",18504.7
"2438",2438,"6460","6460",941.406
"2439",2439,"6461","6461",648.858
"2440",2440,"6462","6462",797.048
"2441",2441,"6463","6463",174.927
"2442",2442,"6465","6465",417.178
"2443",2443,"6466","6466",449.06
"2444",2444,"6467","6467",342.545
"2445",2445,"6468","6468",3111.78
"2446",2446,"6470","6470",577.59
"2447",2447,"6472","6472",7400.69
"2448",2448,"6473","6473",1180.03
"2449",2449,"6475","6475",2254.72
"2450",2450,"6476","6476",806.486
"2451",2451,"6477","6477",1248.13
"2452",2452,"6479","6479",3965.88
"2453",2453,"6480","6480",242.052
"2454",2454,"6484","6484",8242.69
"2455",2455,"6485","6485",1419.56
"2456",2456,"6487","6487",463.048
"2457",2457,"6488","6488",615.374
"2458",2458,"6489","6489",572.782
"2459",2459,"6490","6490",1166.02
"2460",2460,"6501","6501",215.952
"2461",2461,"6502","6502",464.747
"2462",2462,"6503","6503",2267.38
"2463",2463,"6504","6504",106.523
"2464",2464,"6505","6505",281.542
"2465",2465,"6506","6506",250.277
"2466",2466,"6507","6507",3002.02
"2467",2467,"6509","6509",691.506
"2468",2468,"6510","6510",1463.4
"2469",2469,"6511","6511",9.8572
"2470",2470,"6512","6512",566.007
"2471",2471,"6513","6513",1174.93
"2472",2472,"6514","6514",223.225
"2473",2473,"6515","6515",2565.55
"2474",2474,"6516","6516",525.887
"2475",2475,"6517","6517",1464.21
"2476",2476,"6518","6518",2405.93
"2477",2477,"6519","6519",2656.69
"2478",2478,"6521","6521",2958.51
"2479",2479,"6522","6522",1934.89
"2480",2480,"6525","6525",2369.33
"2481",2481,"6528","6528",220.937
"2482",2482,"6530","6530",127.279
"2483",2483,"6532","6532",23482.9
"2484",2484,"6535","6535",2596.63
"2485",2485,"6536","6536",3651.85
"2486",2486,"6537","6537",4454.16
"2487",2487,"6556","6556",197.384
"2488",2488,"6558","6558",47.3168
"2489",2489,"6560","6560",55.1694
"2490",2490,"6562","6562",348.37
"2491",2491,"6564","6564",48.3235
"2492",2492,"6566","6566",911.089
"2493",2493,"6567","6567",523.43
"2494",2494,"6568","6568",590.846
"2495",2495,"6569","6569",462.551
"2496",2496,"6571","6571",161.492
"2497",2497,"6572","6572",173.452
"2498",2498,"6574","6574",484.871
"2499",2499,"6575","6575",696.659
"2500",2500,"6603","6603",1725.78
"2501",2501,"6605","6605",510.177
"2502",2502,"6606","6606",781.272
"2503",2503,"6608","6608",749.927
"2504",2504,"6609","6609",1134.18
"2505",2505,"6612","6612",12610.8
"2506",2506,"6613","6613",572.122
"2507",2507,"6614","6614",571.431
"2508",2508,"6616","6616",662.433
"2509",2509,"6620","6620",6297.73
"2510",2510,"6623","6623",2853.65
"2511",2511,"6625","6625",610.501
"2512",2512,"6627","6627",816.202
"2513",2513,"6628","6628",632.574
"2514",2514,"6630","6630",30404.6
"2515",2515,"6631","6631",2175.81
"2516",2516,"6632","6632",1051.3
"2517",2517,"6635","6635",28587.4
"2518",2518,"6638","6638",13858.1
"2519",2519,"6639","6639",32605.3
"2520",2520,"6640","6640",20882.8
"2521",2521,"6642","6642",100189
"2522",2522,"6646","6646",181297
"2523",2523,"6701","6701",55074.8
"2524",2524,"6705","6705",57809.9
"2525",2525,"6707","6707",5978.83
"2526",2526,"6710","6710",21748.4
"2527",2527,"6711","6711",7.2335
"2528",2528,"6712","6712",263.66
"2529",2529,"6713","6713",195.772
"2530",2530,"6714","6714",14762.6
"2531",2531,"6716","6716",19482.6
"2532",2532,"6718","6718",192.15
"2533",2533,"6720","6720",67.2387
"2534",2534,"6721","6721",7890.66
"2535",2535,"6722","6722",4872.07
"2536",2536,"6725","6725",55384.7
"2537",2537,"6726","6726",9.3448
"2538",2538,"6728","6728",101726
"2539",2539,"6731","6731",5.8671
"2540",2540,"6733","6733",25.9226
"2541",2541,"6740","6740",58423.1
"2542",2542,"6743","6743",59304.1
"2543",2543,"6751","6751",59183.6
"2544",2544,"6753","6753",28095.5
"2545",2545,"6754","6754",153.127
"2546",2546,"6758","6758",21883
"2547",2547,"6760","6760",35025.7
"2548",2548,"6762","6762",178408
"2549",2549,"6765","6765",9040.61
"2550",2550,"6770","6770",135340
"2551",2551,"6798","6798",136.136
"2552",2552,"6799","6799",13.7163
"2553",2553,"7000","7000",10.8544
"2554",2554,"7001","7001",2.9842
"2555",2555,"7004","7004",9.9204
"2556",2556,"7005","7005",8.3746
"2557",2557,"7007","7007",6.4677
"2558",2558,"7008","7008",12.1908
"2559",2559,"7009","7009",8.4598
"2560",2560,"7010","7010",17.2278
"2561",2561,"7011","7011",27.2078
"2562",2562,"7012","7012",33.4333
"2563",2563,"7015","7015",15.217
"2564",2564,"7016","7016",13.2052
"2565",2565,"7017","7017",133.432
"2566",2566,"7018","7018",22.3442
"2567",2567,"7019","7019",15.4231
"2568",2568,"7020","7020",56.4144
"2569",2569,"7021","7021",4.8376
"2570",2570,"7022","7022",10.9778
"2571",2571,"7023","7023",4.6423
"2572",2572,"7024","7024",2.2327
"2573",2573,"7025","7025",93.9067
"2574",2574,"7026","7026",209.686
"2575",2575,"7027","7027",152.117
"2576",2576,"7030","7030",3314.45
"2577",2577,"7050","7050",38.6985
"2578",2578,"7052","7052",6.2052
"2579",2579,"7053","7053",8.0166
"2580",2580,"7054","7054",308.042
"2581",2581,"7055","7055",3.254
"2582",2582,"7109","7109",1133.7
"2583",2583,"7112","7112",179.262
"2584",2584,"7113","7113",44.2352
"2585",2585,"7116","7116",291.601
"2586",2586,"7117","7117",48.2803
"2587",2587,"7119","7119",45.0101
"2588",2588,"7120","7120",1513.04
"2589",2589,"7139","7139",72.0034
"2590",2590,"7140","7140",18161.2
"2591",2591,"7150","7150",503.659
"2592",2592,"7155","7155",14.9581
"2593",2593,"7162","7162",24.3229
"2594",2594,"7163","7163",21.3361
"2595",2595,"7170","7170",93.1647
"2596",2596,"7171","7171",31.5554
"2597",2597,"7172","7172",241.913
"2598",2598,"7173","7173",114.874
"2599",2599,"7174","7174",42.5297
"2600",2600,"7175","7175",62.3831
"2601",2601,"7176","7176",62.1658
"2602",2602,"7177","7177",90.3882
"2603",2603,"7178","7178",96.6914
"2604",2604,"7179","7179",51.4124
"2605",2605,"7180","7180",18.7249
"2606",2606,"7182","7182",175.464
"2607",2607,"7183","7183",12.5638
"2608",2608,"7184","7184",123.996
"2609",2609,"7185","7185",18.1584
"2610",2610,"7186","7186",82.794
"2611",2611,"7187","7187",26.6414
"2612",2612,"7190","7190",1792.43
"2613",2613,"7209","7209",1072.63
"2614",2614,"7210","7210",1144.21
"2615",2615,"7211","7211",413.369
"2616",2616,"7212","7212",1082.65
"2617",2617,"7213","7213",1061.03
"2618",2618,"7214","7214",1376
"2619",2619,"7215","7215",1041
"2620",2620,"7216","7216",791.921
"2621",2621,"7248","7248",38.6759
"2622",2622,"7249","7249",12.5947
"2623",2623,"7250","7250",174.201
"2624",2624,"7252","7252",495.99
"2625",2625,"7253","7253",153.811
"2626",2626,"7254","7254",278.999
"2627",2627,"7255","7255",1416.22
"2628",2628,"7256","7256",1095.74
"2629",2629,"7257","7257",580.405
"2630",2630,"7258","7258",97.9701
"2631",2631,"7259","7259",483.912
"2632",2632,"7260","7260",760.429
"2633",2633,"7261","7261",81.7534
"2634",2634,"7262","7262",717.529
"2635",2635,"7263","7263",352.364
"2636",2636,"7264","7264",1505.99
"2637",2637,"7265","7265",195.066
"2638",2638,"7267","7267",113.859
"2639",2639,"7268","7268",162.406
"2640",2640,"7270","7270",265.162
"2641",2641,"7275","7275",340.31
"2642",2642,"7276","7276",5.9926
"2643",2643,"7277","7277",98.6653
"2644",2644,"7290","7290",10.6892
"2645",2645,"7291","7291",59.4922
"2646",2646,"7292","7292",244.301
"2647",2647,"7300","7300",110.707
"2648",2648,"7301","7301",418.437
"2649",2649,"7302","7302",676.548
"2650",2650,"7303","7303",295.717
"2651",2651,"7304","7304",3543.67
"2652",2652,"7305","7305",124.691
"2653",2653,"7306","7306",1543.35
"2654",2654,"7307","7307",505.567
"2655",2655,"7310","7310",373.826
"2656",2656,"7315","7315",613.624
"2657",2657,"7316","7316",277.204
"2658",2658,"7320","7320",32.2927
"2659",2659,"7321","7321",2370.29
"2660",2660,"7322","7322",26.8891
"2661",2661,"7325","7325",799.933
"2662",2662,"7330","7330",2296.45
"2663",2663,"7331","7331",18.0189
"2664",2664,"7466","7466",68.8166
"2665",2665,"7467","7467",144.097
"2666",2666,"7468","7468",309.984
"2667",2667,"7469","7469",5893.71
"2668",2668,"7470","7470",108.051
